GENE,cluster1,cluster2,cluster3,cluster4,cluster5,cluster6
SCRG1,9.682849744757703e-30,0.0,3.9940264327764206e-19,1.0,0.0,1.1557023668322728e-29
RBFOX3,0.9999630672643763,0.0,2.570361448408141e-10,1.2824621203961775e-05,0.0,2.4107857382486248e-05
GSX1,2.432308001041898e-24,0.0,0.9999990188316108,9.783972926392786e-07,0.0,2.7710961220803515e-09
ZIC5,2.14179916995008e-14,0.0,0.9999998893465677,7.201009638241956e-16,0.0,1.1065341164258457e-07
CRTAC1,0.9453735294988757,0.0,0.009584287730359404,0.0034730960556814973,0.0,0.041569086715081915
FOXD2,4.14162146216734e-31,0.0,0.9999999999999716,2.032837532830869e-14,0.0,9.752661944120454e-15
CDH22,1.1243003497053464e-18,0.0,0.9999915962891964,2.8309123927143958e-21,0.0,8.403710805308629e-06
SLC6A17,0.00010291793209380747,0.0,0.9059256696626605,0.0445152761687177,0.0,0.04945613623652926
RSPO1,2.3878255542070128e-11,0.0,0.0011568467599891703,0.9988430544344645,0.0,9.878166821345624e-08
HAND2,6.655197016895011e-29,0.0,6.80242452119862e-21,1.0,0.0,6.013479004266058e-30
DLX3,1.1154882012849405e-35,0.0,0.9999999879940732,2.121923939034667e-20,0.0,1.200592647685748e-08
CELF4,2.9797891394778786e-10,0.0,0.0012958105265800674,0.013815806710344963,0.0,0.9848883824650948
CRMP1,0.06353114251635138,0.0,0.002408198729248629,0.08055932556845001,0.0,0.8535013331859496
RNF220,4.970361037860457e-07,0.0,0.020831127699881755,0.9791662258183857,0.0,2.149445628950163e-06
ARX,2.3592474621296168e-12,0.0,6.701165142031778e-08,0.9999578974788378,0.0,4.203550715212871e-05
NKX2-2,1.4106768860874978e-06,0.0,0.26928480409195754,0.7307131620906722,0.0,6.231404842308601e-07
PTPRN2,0.9944252647832736,0.0,1.087849211699533e-07,0.00041105168221791454,0.0,0.005163574749588042
GALNT9,0.00015950900033522488,0.0,0.0005214208866387356,5.991781175594598e-06,0.0,0.9993130783318505
TMEM132E,2.589299970457383e-28,0.0,0.9999999967686612,2.7638446095019205e-12,0.0,3.228574206362312e-09
UNC5A,0.0002203794343957055,0.0,5.627543638193102e-06,0.00027562856061058246,0.0,0.999498364461357
SRCIN1,8.132555679127469e-11,0.0,0.9960100912689327,5.257100099115113e-13,0.0,0.003989908649216952
SSTR5,1.6941101442949892e-40,0.0,1.275387964448685e-10,6.755984383763212e-56,0.0,0.9999999998724647
CACNG2,6.394578421011142e-05,0.0,0.10678728659514544,4.4216754779728866e-08,0.0,0.8931487234038892
DMRT3,3.4838957402002265e-18,0.0,0.007753336977237852,0.9922463830484056,0.0,2.799743563641451e-07
LMX1B,3.883421019473603e-43,0.0,1.0,4.2081445460140465e-23,0.0,7.613225045855815e-27
XKR6,1.2868161049706105e-11,0.0,0.9769542168412519,0.00042966172658861584,0.0,0.022616121419290713
ASIC4,0.005936068683972944,0.0,0.0025147762412625766,0.05703142246953481,0.0,0.9345177326052312
PPP2R2C,0.7530207452194033,0.0,4.396331952716548e-05,0.07163314929119698,0.0,0.17530214216987178
FEZF2,0.00036341743929511563,0.0,0.8202446793603351,0.1793757362184346,0.0,1.616698193617119e-05
VAX2,5.074679415621683e-16,0.0,0.9689553086029346,0.031044642985799984,0.0,4.84112646624301e-08
HPCAL4,1.0782511188150328e-29,0.0,0.9999999906011894,3.192881310581874e-16,0.0,9.398809181558558e-09
HOXC10,0.0,1.0,1.2073545172317078e-97,0.0,0.0,0.0
HOXB5,0.0,0.0,3.538345071083009e-192,0.0,1.0,0.0
RFX4,0.020447774348256256,0.0,0.01710884581305249,0.9510887899796304,0.0,0.011354589859061615
GNAS,0.9999471864679015,0.0,1.0546661571460216e-09,6.57391860253132e-06,0.0,4.6238558828251584e-05
TFAP2A,1.802070875649251e-16,0.0,0.9987994698441064,3.1251921349370786e-09,0.0,0.0012005270307009067
SNCB,2.5705106380279753e-05,0.0,2.4157386434739382e-08,0.7484657056040802,0.0,0.2515085651321547
CPLX1,0.8480158488395405,0.0,0.0001813262212545902,0.0008914290782447932,0.0,0.1509113958609585
DMTN,2.4996375438293128e-05,0.0,0.06470072506035647,1.0414391805378118e-05,0.0,0.9352638641724007
ELFN2,1.2957555310453843e-15,0.0,2.281824905954653e-11,9.026482599024087e-13,0.0,0.9999999999762785
FOXL1,2.5138909751076904e-09,0.0,0.969412463593394,1.2723453175358867e-06,0.0,0.03058626154739722
PAX7,5.6209986448035e-31,0.0,1.0,1.115205071939909e-19,0.0,2.1293362381234097e-18
MAFB,0.11235961274284277,0.0,0.0021478274768137458,0.7867355830571859,0.0,0.09875697672315799
OLFM1,0.00021819476202498026,0.0,1.0290178964700954e-07,2.1725960574345536e-05,0.0,0.9997599763756105
LMX1A,0.008018881725736312,0.0,6.871312247617548e-07,0.9919716359515997,0.0,8.79519143857819e-06
NRN1,2.565301989263356e-15,0.0,0.017811602988218645,0.9821883946128189,0.0,2.3989592886523785e-09
HMX1,7.913717959379374e-27,0.0,1.0,7.894518211315154e-19,0.0,3.6442534869568736e-16
SYT5,0.027685514775022357,0.0,9.25840834572494e-05,0.0043998826541058475,0.0,0.9678220184874157
BMP7,0.20855146320656573,0.0,0.0003287181022731393,0.0820248093989377,0.0,0.7090950092922245
EBF3,1.5803925935666652e-10,0.0,0.08368404397075735,0.9163158994200856,0.0,5.645111696122431e-08
FOXB1,6.308909134791234e-08,0.0,0.04870217513495036,0.9512974974365187,0.0,2.643394398247645e-07
DDN,5.5995180105330615e-05,0.0,2.998806113097289e-07,0.04224114265566135,0.0,0.957702562283621
PHACTR3,0.9578524311917391,0.0,1.2891432879198796e-06,0.015515415644205376,0.0,0.026630864020767947
FBXL16,0.9001417847893293,0.0,0.00014730410067346862,0.0017432894778121053,0.0,0.09796762163218675
EPHA10,0.6837221597430534,0.0,0.0015103020055923196,0.25542812246772895,0.0,0.05933941578362483
ZDHHC22,0.614787872528125,0.0,0.002714516657952877,0.3734703841919834,0.0,0.00902722662193922
GATA4,3.398706790569144e-104,0.0,1.0,8.640174448180144e-28,0.0,7.366784069569224e-53
PDYN,0.011131470305916257,0.0,0.003002278178928956,0.0003524450372318081,0.0,0.9855138064779225
KCNJ10,0.4409718663781448,0.0,0.000970912834874725,2.902835874007136e-08,0.0,0.5580571917586216
CALY,0.04580016559724723,0.0,1.1549708152309567e-09,0.5539766019418387,0.0,0.40022323130594395
ANK1,0.024710998424206054,0.0,6.719648696051855e-07,0.9697749500099325,0.0,0.0055133796009907456
LINGO1,5.0699778126059364e-24,0.0,3.131557056254746e-08,4.262796867811058e-52,0.0,0.9999999686844281
NAT8L,0.9592925114197152,0.0,6.06947128076985e-05,0.0003458023310306296,0.0,0.040300991536447124
KCNH2,0.00024262928876687536,0.0,0.004089254446916266,9.493415358523718e-09,0.0,0.9956681067709001
MEGF11,0.9180357062530485,0.0,0.00033015352187247446,0.0014738913486812852,0.0,0.08016024887639801
EOMES,0.0001598235575565901,0.0,0.02196862237374635,0.9733728740636399,0.0,0.004498680005055724
KCNT1,4.198405028023119e-21,0.0,1.8124956002291483e-08,2.3497241307193967e-26,0.0,0.9999999818750426
NRXN2,0.9428925145961683,0.0,8.067723831726603e-05,0.002760145821769588,0.0,0.054266662343746
ONECUT1,3.1728413001639126e-10,0.0,0.9846297373173883,0.015370259850094041,0.0,2.5152335408626616e-09
EXOC6,0.9999235318587518,0.0,2.7776747527599136e-09,8.155620739867782e-06,0.0,6.830974283450948e-05
NSG1,0.4462887323203788,0.0,1.002826716079111e-07,0.023330095809941685,0.0,0.5303810715870079
TCHH,0.9369725862598673,0.0,0.0003307225360307694,0.06195083426828019,0.0,0.0007458569358226597
HOXC9,0.0,1.0,2.7209878101181284e-107,0.0,0.0,0.0
ATP6V1B1,1.61437680359269e-17,0.0,0.9995555174558926,3.3700841192845406e-09,0.0,0.0004444791740228076
ONECUT2,0.0741466964195144,0.0,0.00013086230691909548,0.92504426251038,0.0,0.0006781787631867007
GJA3,5.312181530992878e-07,0.0,0.030165628224321703,0.006077796216102247,0.0,0.9637560443414226
GRM4,0.040197181940736564,0.0,0.001676263704186198,0.00011514985533720962,0.0,0.9580114044997411
TBX5,3.4492680211965366e-43,0.0,0.9999881431629578,1.185683689045615e-05,0.0,1.5434719211582772e-13
MPPED1,2.6646307082836046e-07,0.0,0.00018301597216214424,7.597094336868703e-11,0.0,0.9998167174887977
IHH,4.208072505071339e-05,0.0,0.15361644248240508,9.910399651815066e-05,0.0,0.8462423727960278
IRX4,6.536416042967847e-06,0.0,0.07915565221370159,0.9172131990621867,0.0,0.0036246123080685404
SIX6,0.0005277967353482078,0.0,0.0019164676556384039,0.9975026320714211,0.0,5.310353759226811e-05
PDX1,3.098490008979267e-06,0.0,0.05198286952740243,0.9479971608209065,0.0,1.6871161683121273e-05
TCTE1,0.003985966310736129,0.0,1.0630733199332682e-08,0.9718463058691474,0.0,0.024167717189383292
RGS20,0.9872769580083676,0.0,6.477019481972538e-06,0.011474444394181445,0.0,0.0012421205779690342
ISLR2,0.34323052904804835,0.0,0.00026165674605583433,0.6537339759300449,0.0,0.0027738382758524427
SLC6A12,0.005997546007855516,0.0,5.6522032884944515e-05,0.024500297334709223,0.0,0.9694456346245492
SLC12A5,6.690785183972412e-07,0.0,1.3992985417250131e-05,0.7698157676070115,0.0,0.23016957032905327
DBH,2.200503390590638e-05,0.0,1.6938964847690186e-09,3.9639579295074144e-10,0.0,0.9999779928758026
NEUROG1,8.746559848523705e-05,0.0,0.001127569834952893,0.9987847716119848,0.0,1.929545768332344e-07
NEFL,0.022497465624979732,0.0,0.0006711583619670969,0.9409451817709429,0.0,0.03588619424211
POU3F3,0.00028492899366073425,0.0,0.8998485256778942,0.09965241900293587,0.0,0.0002141263255095003
PDE1B,0.0008499794045011324,0.0,0.25973390168421373,7.658597261438971e-11,0.0,0.7394161188346976
GFI1B,0.9999552710591424,0.0,7.186540386311225e-10,9.150505810499173e-06,0.0,3.5577716391288415e-05
NRG2,3.0302610416589756e-11,0.0,8.106026693341511e-10,0.9999999991581063,0.0,9.87133957677951e-13
ADORA1,0.5794469541909564,0.0,0.004848048929706205,0.0660820861201507,0.0,0.34962291075918844
NEUROG3,4.0050318166433295e-05,0.0,0.9999273134477076,1.5703705040209674e-11,0.0,3.263621842146882e-05
CHD5,0.9122585510156412,0.0,1.5631630610381775e-06,0.002552220859355516,0.0,0.08518766496194313
SCRT2,0.7259767337236526,0.0,4.870840843268952e-05,0.008468879634919912,0.0,0.26550567823299653
CBLN1,0.9676835971322539,0.0,0.00021216313964201656,0.025091482384899992,0.0,0.007012757343202813
LMO2,0.002156401817101772,0.0,0.015563372311603933,1.2557843671657484e-08,0.0,0.9822802133134523
ITPKA,0.10228723985508126,0.0,0.00016120870318438017,0.07220901233614054,0.0,0.8253425391055941
GRP,0.8708640448512902,0.0,0.0001322085238465566,0.0017744055534423442,0.0,0.12722934107142048
KIF1A,0.9294352100486475,0.0,0.000271860256430123,0.007895639504584535,0.0,0.06239729019033619
GRIN1,0.9770072808883975,0.0,4.1364798303227246e-05,0.0034180857501477533,0.0,0.01953326856315177
LHX3,0.8280863973383211,0.0,0.002275088887580584,0.10652184624968641,0.0,0.06311666752441313
ISL1,2.0136298406164623e-07,0.0,0.03126144590667683,0.9682116004753653,0.0,0.0005267522549748157
TBX1,3.2930842535942586e-06,0.0,0.08091145583477838,0.9169140233826361,0.0,0.0021712276983330875
RXRG,0.9981474954630536,0.0,1.213680314168936e-06,0.0009586692333505613,0.0,0.0008926216232829885
SFRP1,0.05489409176201801,0.0,0.0013139624900443843,0.02810839738623297,0.0,0.9156835483617064
CYP24A1,0.8977471482829977,0.0,0.00014146812097884907,0.00010292698069359515,0.0,0.10200845661532901
CBX8,5.105429190375305e-05,0.0,0.0034262002102562403,0.9941406103224276,0.0,0.0023821351754138493
KIRREL3,0.9310737602219722,0.0,0.0052928526929580805,0.012973726971036595,0.0,0.05065966011403454
SLC17A7,1.7689346840308262e-06,0.0,0.0007942346014972929,0.9992022399485614,0.0,1.7565152558123156e-06
KCNK3,0.032813351409623985,0.0,0.0006302077889909006,0.11490677753509457,0.0,0.8516496632662921
GRIK3,0.10041466001792164,0.0,0.013556075015164133,0.0007513725170862227,0.0,0.8852778924498279
ADAMTSL2,1.7712735027142437e-06,0.0,0.00020602354123484075,4.752876338112061e-15,0.0,0.999792205185257
FADS6,0.3457799669520552,0.0,7.136554663869125e-07,0.001972903198040124,0.0,0.6522464161944377
EPS8L1,0.9584083030223249,0.0,3.0779145525470593e-06,0.005406886141341765,0.0,0.03618173292178214
SORCS2,0.9813549693064999,0.0,1.3190212296025456e-06,0.009772372011812198,0.0,0.008871339660459311
ADCYAP1,0.9525042581001129,0.0,0.0007723850273872379,0.039332435800708526,0.0,0.007390921071791183
TCF21,4.475837953681505e-08,0.0,2.802916867369611e-06,0.999996315436198,0.0,8.368885557550927e-07
HMX3,5.393164546539748e-08,0.0,0.007492817252352232,0.9925071239359428,0.0,4.88005927180377e-09
OTOP3,9.215673137407518e-05,0.0,0.0001482035477071246,0.011464586974315554,0.0,0.9882950527466029
NEUROG2,1.5865153855760864e-06,0.0,0.028773632778288077,0.9709992805584065,0.0,0.0002255001479184811
SLC9A3,0.002203158040135464,0.0,0.004429228613124487,0.0015692898677926524,0.0,0.9917983234789484
ARHGAP36,8.025273795511482e-147,0.0,3.235529405410562e-80,1.0,0.0,5.112944113028375e-29
CCDC177,0.94925435790145,0.0,9.007387200216094e-06,0.03544386621397523,0.0,0.01529276849737427
MYOD1,0.0005843580575476874,0.0,3.2556262832314186e-05,0.9969873155428814,0.0,0.002395770136737666
IRX6,0.08253715479790655,0.0,0.07345916124490011,0.06925269217447798,0.0,0.7747509917827167
CYP26A1,0.00043448187797058823,0.0,0.002969593797476461,0.9960215503230211,0.0,0.0005743740015303093
TBX20,5.455690130369081e-06,0.0,0.0014880104846193582,0.998502692161733,0.0,3.841663516484936e-06
RAB37,0.9311058586405465,0.0,1.990402899890802e-09,0.007757161005359524,0.0,0.06113697836369029
WNT3A,0.8227288592957023,0.0,0.0011819096772318655,0.0748342041844881,0.0,0.10125502684257941
TMEM179,3.6721607520919396e-14,0.0,2.533204869550138e-09,5.1128741688209936e-15,0.0,0.9999999974667517
SKAP1,1.2538473773060958e-10,0.0,0.9995375192840339,1.3398007170614396e-06,0.0,0.00046114078986377906
JPH3,0.00040129657058082406,0.0,0.0003432733821375454,1.900166196876107e-05,0.0,0.9992364283853133
FIBCD1,0.13315904061156358,0.0,0.00033284710153890716,0.04627573154834442,0.0,0.8202323807385539
PHF24,0.984455212451694,0.0,1.0630043518105517e-06,0.0002106082315217079,0.0,0.015333116312433585
NKX2-3,3.609322000411355e-21,0.0,0.9993496814601881,0.0006503185398118608,0.0,2.513091964794713e-21
EEF1A2,1.4630203760779922e-10,0.0,2.8003093566475688e-09,3.3560159747948957e-09,0.0,0.9999999936973722
ACOXL,0.004401774398255641,0.0,0.0005939918473369465,3.7799779026559135e-08,0.0,0.9950041959546279
PLCH2,4.976809444630598e-12,0.0,1.7709720215657146e-06,1.3127719623184836e-06,0.0,0.9999969162510401
CCDC33,3.7549188092274315e-10,0.0,6.527675052595106e-05,1.9801443692884034e-09,0.0,0.9999347208938383
SMUG1,3.1345486588851445e-08,0.0,0.0005050474842510593,7.111773649885017e-07,0.0,0.9994942099928968
CBX4,4.2526820801017485e-05,0.0,0.003295271142701793,7.431929564550955e-06,0.0,0.9966547701069329
DPYSL2,0.8233459888003453,0.0,0.00027208167488467936,0.00015651963478594918,0.0,0.1762254098899826
TBKBP1,0.9997158739971046,0.0,8.83538987089675e-09,1.8022332232378786e-05,0.0,0.0002660948352731411
GP1BB,6.094706466270395e-06,0.0,0.00041173471501116,5.103687220318146e-06,0.0,0.9995770668913038
WNT7B,2.1075998243082163e-08,0.0,2.027297904463377e-06,2.0436683506046872e-05,0.0,0.9999775149425922
BARX2,0.05647291666030605,0.0,0.0009207581040974503,0.9323768835039277,0.0,0.010229441731667854
TENM4,0.9809656378796335,0.0,1.0470426148250085e-06,0.012416823927924578,0.0,0.006616491149825385
CACNA2D4,0.9971643122273599,0.0,1.456210942019736e-09,7.172634336566901e-05,0.0,0.0027639599730618744
KCNJ5,0.32781120239161654,0.0,0.0030083033775055498,0.00427774991420135,0.0,0.664902744316678
OVOL1,0.9248492720091787,0.0,1.4190900353858604e-06,0.009293151789776417,0.0,0.0658561571110098
EBF1,1.3304048582804065e-10,0.0,0.9467071895722483,9.702666989504204e-05,0.0,0.05319578362481546
CDK5R2,0.39186390845150193,0.0,0.004575717767317603,0.5257918461004641,0.0,0.07776852768071547
NXPH1,0.013680033060908375,0.0,0.0018443724551806917,0.9819212458172899,0.0,0.002554348666621645
ABLIM2,0.6546079973652881,0.0,4.939596734091091e-08,3.097484627506546e-06,0.0,0.34538885575411726
LEF1,0.7905585357275804,0.0,4.332037123253895e-06,0.012657941196234585,0.0,0.1967791910390629
LRRC4B,0.7761030629250709,0.0,2.9033273402293997e-06,0.001576058812041325,0.0,0.22231797493554747
TRIM36,0.02881333262454814,0.0,0.0001090674488087159,0.9710072462407031,0.0,7.035368593914906e-05
LRFN2,0.004140274411156103,0.0,2.483968988292669e-08,0.599919559672847,0.0,0.39594014107630787
FRMPD1,0.7010186338102012,0.0,0.0032677694477706446,5.792781801475839e-09,0.0,0.2957135909492464
NGFR,2.998220317683741e-29,0.0,0.9999999563112861,1.4940627369626667e-16,0.0,4.3688714141854305e-08
DPYSL5,0.04350534273459932,0.0,0.0030692085865781558,3.3509268225935964e-07,0.0,0.9534251135861405
GBX1,0.4498606823027222,0.0,0.0034207189522567627,0.007888301804742554,0.0,0.5388302969402776
FGF8,0.9166672754033667,0.0,1.779173277381063e-05,0.0027453710898250735,0.0,0.0805695617740336
HOXA11,0.0,0.0,2.5538645531078457e-285,2.642882969219776e-185,1.0,0.0
KCNIP1,0.9603445982951494,0.0,1.376965401971037e-05,0.002917170773868854,0.0,0.03672446127696341
TCF15,0.4460677454112847,0.0,0.00022345454742479152,0.0002607445328705093,0.0,0.5534480555084209
CHST8,0.25585820004365134,0.0,9.280341860814174e-06,0.0016882668302023963,0.0,0.7424442527842845
MNX1,5.884433252858216e-09,0.0,0.08916080718841997,0.9108391865646502,0.0,3.624957037493674e-10
ZBTB7C,0.015455254205925528,0.0,6.94637195656338e-05,0.9844267781465309,0.0,4.8503927976906756e-05
LIN28B,0.005380844901738478,0.0,0.0004767319080462525,0.9717279904538391,0.0,0.022414432736376475
MYT1L,0.9998681718054874,0.0,3.4272410218717353e-10,3.09325968368323e-05,0.0,0.00010089525495155759
PCDH8,0.9732037350979582,0.0,1.8152777884161373e-05,0.014783596730761359,0.0,0.011994515393396544
ASIC2,0.9856859757503542,0.0,6.845461563344686e-07,0.006760062517433895,0.0,0.0075532771860545595
PDGFB,0.003335302808339505,0.0,0.0004388061559979317,0.9929433226152602,0.0,0.0032825684204036464
LY6H,0.8598070188508418,0.0,3.138604807169014e-07,0.016375722127446132,0.0,0.12381694516123191
IQSEC3,0.9994946001425901,0.0,2.7170359622786867e-08,1.7894673972449463e-05,0.0,0.00048747801307636867
TRIM67,0.5353353054000862,0.0,0.0008051833990508568,0.45629625914655675,0.0,0.007563252054307689
KCND3,0.19708068817125582,0.0,0.00043904330197230807,0.7934155181598721,0.0,0.009064750366898884
CDKN2C,0.7236350424271916,0.0,7.746184390343194e-06,3.690094965822641e-05,0.0,0.27632031043875843
ADGRB1,8.275368599927318e-08,0.0,0.00010735505000221551,1.82131975730106e-10,0.0,0.9998925620141785
EHBP1,0.9999112253017562,0.0,6.700236094830237e-09,2.3164737421577588e-05,0.0,6.560326058604976e-05
RTBDN,0.19845017189776326,0.0,0.0001794362895006775,0.7605927954455294,0.0,0.040777596367207
SOX3,7.467222285393543e-15,0.0,4.7647602366194616e-14,0.9997889943780337,0.0,0.00021100562191197825
CITED1,4.7058646602384237e-20,0.0,2.0950936845331335e-19,0.999989378235719,0.0,1.0621764281845289e-05
MFSD4A,0.9880469487530942,0.0,6.263261216640361e-06,0.0015150613642201378,0.0,0.010431726621468105
GPRIN2,0.04291545181887246,0.0,0.00019991021343651992,0.02338440542826643,0.0,0.9335002325394235
COL2A1,5.768574368026474e-20,0.0,0.9999999324411585,5.47338820030666e-13,0.0,6.755829732219097e-08
SPR,5.4375534553191354e-18,0.0,4.37702299442101e-15,0.9999999999990301,0.0,9.64542709355908e-13
ALX3,4.344219847716548e-12,0.0,0.9989563325051668,4.123269912515733e-07,0.0,0.0010432551634969767
ALDH1A3,0.6862158019513103,0.0,0.0006981443673228911,0.02823797392736968,0.0,0.28484807975399845
RAP1GAP,0.9610948052533892,0.0,5.125492559603567e-09,0.004318069772988047,0.0,0.034587119848130794
SEZ6L,0.9267204922780876,0.0,2.9647312804144745e-06,0.03618862072271832,0.0,0.037087922267912354
GIMAP5,0.02185770882983043,0.0,0.0003343518593963416,4.9404533997437e-08,0.0,0.9778078899062407
SIM1,1.5439453469599818e-20,0.0,0.010842493174028797,0.9891575068259628,0.0,9.649420595308105e-15
SLC26A10,4.7620796585173205e-05,0.0,0.0003142838652257491,0.9979986716228377,0.0,0.001639423715352758
SLC18A2,0.06293278961844456,0.0,0.00392355229491267,0.0012158674437930258,0.0,0.9319277906428486
C1QC,6.4741572049136204e-12,0.0,0.00013966303918794943,2.3265346315286153e-09,0.0,0.9998603346278033
UNC13A,0.7120498268042877,0.0,5.97058281914964e-08,0.25744092594978607,0.0,0.030509187540098223
TCEA2,0.9348932237589515,0.0,2.3726878889330655e-07,0.016094680597460716,0.0,0.04901185837479939
PCK1,2.953920266897597e-08,0.0,0.09146712594347566,1.907950621668607e-09,0.0,0.9085328426093704
IRF4,0.009438781412050446,0.0,5.898653443577445e-05,0.820269734141336,0.0,0.17023249791217634
PSD2,0.39501955131581357,0.0,0.0007401780653937169,3.989043915506621e-05,0.0,0.6042003801796387
HOXA1,0.0,0.0,5.960343616678689e-172,1.5706755841301689e-264,1.0,0.0
SP8,4.6698364103344534e-08,0.0,0.00942730702515782,0.9905719221953806,0.0,7.240810983416647e-07
MECOM,0.03466755707037376,0.0,0.021535432769024473,0.10324269783497063,0.0,0.8405543123256305
EGR3,3.64756326662707e-05,0.0,0.030043623667453005,3.612530540199576e-05,0.0,0.9698837753944788
HEY2,0.008504098656830073,0.0,0.00046051891683034747,0.9896508577301643,0.0,0.001384524696175288
HOXB6,0.0,0.0,3.1302172377452784e-193,0.0,1.0,0.0
BCAN,0.0021812726818296268,0.0,0.061977189890167816,0.9313831096131675,0.0,0.004458427814836448
IQSEC2,1.687704582853538e-57,0.0,1.6917111765078665e-45,0.999999999999968,0.0,3.35974874323901e-14
TNNI3,0.00011196808390943377,0.0,8.007255024780971e-06,8.075699263548628e-06,0.0,0.9998719489618013
MCF2L,3.5219232896483263e-07,0.0,3.395089475804082e-10,4.926366590153928e-14,0.0,0.9999996474681137
GLP1R,2.198655053348107e-07,0.0,9.00916371363202e-08,0.005023980276402429,0.0,0.9949757097664544
MRGPRE,0.26844777555066035,0.0,7.065693054933606e-05,2.1650510343461045e-05,0.0,0.7314599170084465
CBX2,0.00044290876951243825,0.0,0.003338212025318907,0.0033356440460179477,0.0,0.9928832351591507
COL4A2,0.9977488596926498,0.0,7.244468891024111e-06,0.002198701363430157,0.0,4.5194475028897356e-05
RASGEF1A,0.7543489430473345,0.0,5.543441052591526e-06,0.0031323010860661938,0.0,0.24251321242554535
DTX1,0.015155937764390342,0.0,1.1281762013544101e-05,8.37368577095823e-05,0.0,0.9847490436158874
CYP46A1,0.9987453869408369,0.0,1.2548912343891256e-07,0.00033860653259934324,0.0,0.0009158810374394428
BMI1,0.9652061386029331,0.0,3.060500065246311e-05,1.6450274261970234e-05,0.0,0.034746806122153875
DPF1,0.9873165537874542,0.0,2.0277041482884544e-06,0.01097962992217163,0.0,0.0017017885862250198
ATP2B2,0.0014222949736684678,0.0,2.328225914946344e-08,8.792649264607132e-08,0.0,0.9985775938175809
DLX1,1.8144687947142978e-20,0.0,0.999178163892964,0.0008218361069748416,0.0,5.969378560317842e-14
PRKCZ,4.83601550857465e-06,0.0,1.7267145985910079e-06,1.3723852556485979e-06,0.0,0.999992064884636
CACNG8,0.9728883899088883,0.0,1.675626623378636e-06,0.0015204508112163602,0.0,0.025589483653271586
NCKAP1L,0.9998055007325978,0.0,7.429894798293151e-09,6.231168365058761e-06,0.0,0.00018826066914415013
LRRN2,1.011616671464208e-08,0.0,4.163056003511822e-05,2.0494039808545512e-17,0.0,0.9999583593237985
POM121L2,1.3487238276976444e-83,0.0,1.0,7.642539912604389e-52,0.0,4.348488003450309e-29
GNAL,0.9896222714744496,0.0,3.2404756508619624e-07,0.007302750955465306,0.0,0.0030746535225214815
CPLX2,0.989194787735109,0.0,3.4809176951102696e-06,0.008090372409423303,0.0,0.002711358937773364
AUTS2,0.7385562425184665,0.0,6.494680773683925e-05,6.980136803529748e-06,0.0,0.2613718305369925
TBC1D21,0.9689527078716917,0.0,9.79687743305793e-09,0.00018858347625153924,0.0,0.030858698855180344
ARC,2.752394566574782e-13,0.0,0.00013236008942662261,1.7152506644334467e-13,0.0,0.9998676399101281
SP5,0.8638885308714386,0.0,3.941238821433928e-05,0.13337327345738612,0.0,0.0026987832829598823
SLC30A3,0.2529156514880446,0.0,0.0012439674012924733,0.6291636746076797,0.0,0.11667670650298485
WNT6,2.690612016095136e-20,0.0,0.9999969125580235,1.165960573535762e-06,0.0,1.9214814017876563e-06
PDZD4,5.58756298577616e-16,0.0,2.042388163114165e-21,0.9967661130088136,0.0,0.0032338869911875366
SCN2B,7.670325744585861e-07,0.0,9.055570426470013e-06,3.1952081659655966e-06,0.0,0.9999869821888334
KCNK10,0.9972458660106946,0.0,1.8049312519963998e-08,0.002138358704619072,0.0,0.0006157572353720278
MTMR9,0.9854297031478874,0.0,4.672057370137623e-05,0.0023363387054393804,0.0,0.012187237572971573
COMP,0.6098014486810932,0.0,0.07706538697117397,0.07969159322123871,0.0,0.2334415711264933
SEZ6,3.675004375745367e-05,0.0,0.658897919061729,6.574506533976722e-08,0.0,0.3410652651494485
AQP5,0.8345055907409704,0.0,0.00012257475093454685,0.10984014861305012,0.0,0.05553168589504353
EFNB3,0.8817565795859125,0.0,3.0507549089706674e-05,0.10384410902532913,0.0,0.014368803839670433
GABRD,0.0004060455125500771,0.0,1.5125586918178753e-05,7.722733098231456e-08,0.0,0.9995787516731998
DNAH8,0.9989262158325924,0.0,1.0113973322242764e-07,0.0005747326189231752,0.0,0.0004989504087517329
MAL,0.8568592960841988,0.0,1.1002315480307651e-07,0.0032237245099077374,0.0,0.13991686938273729
SORCS3,3.280605157023739e-05,0.0,0.00016518220605920062,0.9921386978513302,0.0,0.00766331389104048
HOXC6,0.0,1.0,1.221707780867647e-137,0.0,0.0,0.0
ST8SIA3,0.9664617220721261,0.0,5.25352422555577e-06,0.01013000484601954,0.0,0.023403019557627285
FGD5,1.9368913009139637e-07,0.0,0.006600893991590509,6.094164008995294e-07,0.0,0.9933983029028791
BEAN1,0.7064551416249448,0.0,0.0007685003110571643,0.05556921515645641,0.0,0.23720714290754
DGKK,1.035499996469805e-46,0.0,5.387965475967368e-34,0.9999999995331876,0.0,4.668136159787779e-10
NFASC,0.9944361415712197,0.0,7.502261039797538e-06,0.004479913740575985,0.0,0.0010764424271642867
SLC6A3,0.9911969253036816,0.0,6.904602014322355e-06,0.005290705036464686,0.0,0.003505465057837873
FAM124A,0.9879992170922337,0.0,0.0016548313470390163,0.0006731299001591889,0.0,0.00967282166056881
BLK,0.9996066407991951,0.0,6.9268964790370635e-09,8.883134867854577e-05,0.0,0.00030452092523050735
TFAP2B,6.543230473877682e-17,0.0,0.9999730512489874,9.075032014962817e-08,0.0,2.685800069287758e-05
OTOP2,8.007115825475808e-05,0.0,0.0002317011745857802,0.010089718873924387,0.0,0.989598508793235
CYS1,0.8864771919173201,0.0,0.00010343264308106871,0.037081868085797436,0.0,0.0763375073537998
MRGPRG,0.5566244724394136,0.0,4.632736642611311e-05,0.00011564785836205476,0.0,0.4432135523357988
LGI2,0.9764410231351561,0.0,0.00026562995378963145,0.0006932691834408147,0.0,0.022600077727612314
CPXM1,0.0812274157935734,0.0,0.031655003199506176,0.755915897073618,0.0,0.13120168393330203
SPON1,0.33149091815277537,0.0,0.0022496773467083173,0.308551894992185,0.0,0.3577075095083311
HPCA,0.6622398035034724,0.0,0.00013624644806261462,0.3315923776012549,0.0,0.00603157244721065
TBX3,7.188380260701348e-18,0.0,0.9999981975042411,1.1787655241136595e-07,0.0,1.6846192047642153e-06
GRID1,0.7942099106144844,0.0,0.0002530000781666762,0.00470902024963845,0.0,0.20082806905770983
CACNA1H,4.0179338218083618e-28,0.0,1.9677628301637487e-15,5.957499166448519e-26,0.0,0.9999999999999964
TFAP2C,0.9260293576723845,0.0,9.06898275964648e-06,0.002790522875487801,0.0,0.07117105046936828
CHRNA2,0.8794399045089726,0.0,5.109663037291698e-08,5.544921262654498e-06,0.0,0.12055449947313462
PRKAG2,0.9999213411754019,0.0,9.859475427020034e-10,5.69410303414579e-06,0.0,7.296373561684828e-05
GALNT18,0.9935957292894034,0.0,3.878425607958948e-06,0.0003051702889281693,0.0,0.006095221996060698
NTRK3,0.9658533866847064,0.0,0.00023598942047772686,0.021442301738416866,0.0,0.012468322156400117
ETS1,0.8001594161788225,0.0,0.00022393474096738493,0.0006603241430387937,0.0,0.19895632493717177
ALK,0.9674302920415021,0.0,9.574100966792318e-07,0.019997471376948343,0.0,0.01257127917145453
SYT6,0.9024390027001835,0.0,0.00018146447345851718,0.05731496686334943,0.0,0.040064565963009176
OTX2,9.453048623208984e-15,0.0,0.12334376380366438,0.8766562263584213,0.0,9.837903147105961e-09
CACNA1S,1.2498477509214195e-05,0.0,1.5526844579074889e-06,1.0059153996951888e-16,0.0,0.9999859488380337
DRD2,0.953887025173002,0.0,4.7561250074237925e-06,0.010573205277972425,0.0,0.03553501342401913
HOXB3,0.0,0.0,1.2994839257144624e-198,0.0,1.0,0.0
BPIFA3,0.9925341964295041,0.0,2.040917875848619e-07,0.004199633897166668,0.0,0.0032659655815427857
DLGAP3,0.9837776148302143,0.0,9.571814941504821e-06,0.011587534937420861,0.0,0.004625278417423657
PPP1R1A,0.7280890548308235,0.0,2.719219078943916e-05,1.3655780859446123e-05,0.0,0.2718700971975288
AJAP1,0.7498333110439885,0.0,1.763661154192879e-05,0.040293692722316594,0.0,0.2098553596221543
NPHS1,0.096613498193586,0.0,0.004642483096121282,0.05583633761851627,0.0,0.8429076810917774
FOXE3,1.1924480906432388e-39,0.0,0.9999999987092494,1.230960940251684e-19,0.0,1.2907516555637519e-09
PROK2,0.6131208131265629,0.0,5.678734226642364e-06,3.9085444243476115e-05,0.0,0.3868344226949681
TTBK1,0.9088618378924347,0.0,0.0004202204359519199,0.00031808676266463975,0.0,0.09039985490895051
DNAJB8,5.895050875001891e-27,0.0,0.999999999549491,5.807282956947101e-26,0.0,4.505096196170627e-10
NKX3-2,6.148709731751274e-21,0.0,0.0025485515451572683,0.9974514484548397,0.0,4.179185723070354e-15
DGKG,0.9856576780347451,0.0,2.6532411410970195e-05,0.00028557083830939523,0.0,0.014030218715532746
RESP18,0.9882520079496868,0.0,1.71114162034973e-05,0.002790559144700514,0.0,0.008940321489407481
CAMK2N1,0.29199257140274965,0.0,1.6097411540840335e-05,0.7070646136885391,0.0,0.0009267174971709111
RBBP7,6.721779447811282e-67,0.0,4.529107988295161e-52,0.9999999999999964,0.0,2.5217331655907033e-15
CPEB1,0.9989805881014063,0.0,5.356358931314428e-08,0.000772016757069715,0.0,0.00024734157793592556
ESX1,3.0105328668014283e-24,0.0,6.272802351834971e-16,0.99843626436429,0.0,0.0015637356357080855
PGBD5,0.978038218469637,0.0,5.810499543214587e-05,0.00522581636780003,0.0,0.016677860167130066
COL20A1,0.738939783241888,0.0,4.984737879489063e-08,0.015836476061556713,0.0,0.2452236908491781
ZBTB16,0.22923862880933776,0.0,0.00013482732935848554,1.377041901647626e-06,0.0,0.7706251668194007
WSCD2,0.9670362882179485,0.0,3.4514235575159073e-06,0.02509154224723333,0.0,0.007868718111260508
TH,5.323262880354395e-10,0.0,1.2753919342130691e-08,9.525676746252948e-13,0.0,0.9999999867128012
C1QA,3.0609328109189414e-15,0.0,0.0002509574879371648,2.4512492466084185e-13,0.0,0.9997490425118141
DUSP15,0.9676811514033885,0.0,1.5897265271956464e-06,2.2288537100935002e-07,0.0,0.03231703598471261
RAI2,1.5985738237981511e-80,0.0,5.800587117661045e-51,1.0,0.0,3.805689955260369e-18
MCTP1,0.9999426337668729,0.0,2.544537657546827e-09,1.058896128305261e-05,0.0,4.677472730700127e-05
SYPL2,0.0017851773183824504,0.0,0.004646399903329483,0.9928331815322359,0.0,0.0007352412460537352
TWIST2,0.846149159816114,0.0,0.00018239037553117608,0.010456952146309293,0.0,0.14321149766204547
KCNQ1,0.06188935823335878,0.0,3.7837118503870776e-05,0.00012918093959945204,0.0,0.9379436237085392
KCNJ4,0.9876548875877965,0.0,5.0080868286512e-09,0.00292936955362119,0.0,0.009415737850496764
BARX1,1.2459579595176241e-05,0.0,0.008033054025688173,0.9919543599536144,0.0,1.264411031197127e-07
FHOD3,0.8678874280806824,0.0,4.675733270411525e-06,0.13191059620018947,0.0,0.00019729998585835514
ARHGEF7,0.9998977179051618,0.0,5.90702756366946e-09,4.053559204236692e-05,0.0,6.174059576936734e-05
GRIK4,0.9797677837185816,0.0,3.952664958626348e-08,0.019481938425739496,0.0,0.0007502383290284586
SPNS2,0.9507619335681208,0.0,1.5149998941518684e-08,0.00016158353065774206,0.0,0.049076467751224304
PAX8,0.00902321547744379,0.0,0.004281005606139468,0.0002659957021721643,0.0,0.9864297832142449
SLC8A3,0.7950012286021341,0.0,7.455870228303037e-05,0.17310445780864905,0.0,0.031819754886935135
EVX2,0.0,0.0,1.3734606819801369e-219,3.2143096390509166e-145,1.0,0.0
PBK,0.018541612412077232,0.0,1.8631110710853715e-05,0.9814390409658449,0.0,7.155113666694706e-07
OPCML,0.9985715078032992,0.0,1.6942370969214405e-07,0.0001220904865366314,0.0,0.0013062322864550115
FAM19A4,0.5336961375675242,0.0,4.016830792455079e-05,0.459867222503016,0.0,0.006396471621536659
ELMOD1,0.31846613715268757,0.0,0.0003936849048039497,0.6807257872611607,0.0,0.00041439068134624044
HS3ST2,0.993918595988178,0.0,5.199262277754121e-06,0.000761777321863025,0.0,0.00531442742768288
FAM163A,0.9978011585096922,0.0,1.021494058942683e-07,0.0009440623946235757,0.0,0.0012546769462771486
ADCYAP1R1,0.5141823097959336,0.0,7.716556798915633e-05,5.475075641899879e-05,0.0,0.4856857738796571
GMDS,0.9999282460578899,0.0,2.1647795210784896e-09,6.6377861284201934e-06,0.0,6.511399120327366e-05
TNR,0.9986715791218598,0.0,1.337157322929433e-07,0.0002502698641470279,0.0,0.0010780172982615003
NEUROD1,0.9586736466925522,0.0,0.0006040184753084487,0.023626805042594973,0.0,0.017095529789543085
CAMK2B,0.985276274206591,0.0,6.228559403698799e-07,8.843317514913144e-05,0.0,0.0146346697623185
GRIN2C,0.937200158829915,0.0,6.168489673553574e-05,0.010624972189252402,0.0,0.05211318408409695
FAF1,0.9982778576905468,0.0,1.3827922428362812e-07,2.463306679725179e-06,0.0,0.0017195407235483916
ADRA2B,0.7251574525866982,0.0,1.0512260706516749e-05,0.00021086753573611592,0.0,0.2746211676168579
MMEL1,0.8786447835486253,0.0,3.117950228982832e-08,0.023554157427436093,0.0,0.09780102784443699
FAM83F,0.012914424869409948,0.0,7.418170568292854e-10,0.020945292071835972,0.0,0.9661402823169374
PTPN3,0.6514424061395786,0.0,1.351672152629982e-05,0.3256878343421496,0.0,0.022856242796745915
KCNG1,0.03964195080275298,0.0,0.005733068171702597,0.010173234916232019,0.0,0.9444517461093112
SHROOM1,0.9813805764218286,0.0,6.001444243549646e-05,0.008316179336227003,0.0,0.010243229799510024
MVB12B,0.9999288607030827,0.0,2.331811149969436e-09,1.056539276835206e-05,0.0,6.057157233725731e-05
GJD2,0.9839003635811022,0.0,1.72778388896506e-05,0.008943277298676068,0.0,0.00713908128133337
ST8SIA2,0.8915966106584224,0.0,0.00031254541297327337,0.011364383624643504,0.0,0.09672646030396088
SPEG,0.9308798251398223,0.0,3.5409661565049134e-05,0.05207304994260883,0.0,0.01701171525600555
SV2B,0.9684349138065771,0.0,4.284120731207432e-06,0.030666803757883537,0.0,0.000893998314807154
HSPA12A,0.0037040153055381683,0.0,1.0109381358405467e-07,0.9962666501566009,0.0,2.923344404860156e-05
WRAP53,0.9999552250328123,0.0,3.74263707192247e-10,9.164536582533242e-06,0.0,3.561005634019185e-05
SYT7,3.0061403957321777e-19,0.0,0.000344530082658086,9.568072443353808e-10,0.0,0.9996554689605346
GRAP2,0.01212100514925732,0.0,3.810174824861574e-11,4.932194542872593e-10,0.0,0.987878994319422
ITGA9,0.9932570273363037,0.0,4.220654475962419e-06,0.00011338364058017119,0.0,0.006625368368640175
HES2,1.1915427872764217e-05,0.0,0.0002676068102181475,0.1600644989050498,0.0,0.8396559788568579
PAK3,4.408961915522935e-96,0.0,1.4542797386971279e-49,1.0,0.0,9.115786377261142e-20
ASB18,0.5992341062771348,0.0,1.6237034870465706e-06,0.2134309539745611,0.0,0.18733331604481615
SHISA7,0.8696820438272553,0.0,2.7340394416961665e-06,0.0946017528853105,0.0,0.03571346924799404
KRT19,0.00012140467433190481,0.0,0.028176406057182222,0.00044771044698116864,0.0,0.9712544788215054
SMPD3,0.9921487581865792,0.0,5.95825623021326e-07,0.000509486118499869,0.0,0.007341159869297325
TLL2,0.9986567357244827,0.0,1.6147722691884183e-08,0.0007183624790457564,0.0,0.000624885648749657
TUNAR,0.8028762964668716,0.0,9.961957483659843e-05,0.01079067128692499,0.0,0.18623341267136562
GNG8,0.9761630952403789,0.0,4.672793992716354e-06,0.0014278793595868713,0.0,0.022404352606040068
PPP1R1B,0.0016610233853693037,0.0,0.003622277738573621,5.495648241485446e-05,0.0,0.9946617423936407
KCNA2,0.007323459232022253,0.0,6.496979070514704e-09,0.00013395588860468864,0.0,0.992542578382393
ADD2,0.9805096508790637,0.0,9.154778758807675e-06,0.018237134627942193,0.0,0.0012440597142342538
KCNJ6,0.04553777114518205,0.0,3.730719193673784e-07,0.002614852203173233,0.0,0.9518470035797264
BPIFB1,0.9549599890116426,0.0,2.1556923978587217e-08,0.0013673922571238663,0.0,0.04367259717431017
DAGLA,0.962236283984076,0.0,9.35116162123284e-07,0.00010658370011633205,0.0,0.03765619719964503
MYH6,0.09031860539527854,0.0,4.2784288866356045e-08,1.1923205355574986e-08,0.0,0.9096813398972257
TBC1D16,0.9998927526511582,0.0,1.69231699370612e-08,7.738692512387908e-05,0.0,2.984350054651445e-05
MATN4,0.39716665082940883,0.0,1.951665446893257e-05,0.02671823784639637,0.0,0.5760955946697246
ETV5,0.7134640448686616,0.0,0.00011684397850903018,0.27714358662475297,0.0,0.009275524528075051
KLK1,1.700037098217723e-05,0.0,2.213944744946852e-05,0.3459750869626232,0.0,0.6539857732189444
NECTIN1,0.03463383731906938,0.0,0.005423267721207591,0.9156484103418735,0.0,0.04429448461784998
TSC22D3,1.7537448216754162e-52,0.0,1.1215914585286707e-45,0.9999999997688462,0.0,2.311533731653144e-10
PAX3,4.7012259212452675e-45,0.0,0.06966956046549928,0.9303304395345003,0.0,1.6491177079597008e-26
LMO1,0.9581124121776355,0.0,1.4721713405673668e-05,0.00021110156826049638,0.0,0.04166176454069809
YTHDC2,0.923478440172727,0.0,2.4437802058486752e-06,0.07651813188024985,0.0,9.841668175275705e-07
WIF1,0.924454545761999,0.0,0.0001269667054951634,0.00934110200852039,0.0,0.06607738552398629
KCNA5,0.9792716821788423,0.0,2.3127088174336752e-08,0.0033817648372587053,0.0,0.01734652985680947
CYTH4,0.03389187821321163,0.0,6.119696887455866e-07,0.0002885977193898682,0.0,0.9658189120977102
WNT11,0.18078157861896413,0.0,0.0031667312214563306,1.1400911459325355e-06,0.0,0.8160505500684343
MPPED2,0.9982296479784543,0.0,3.6518566175581504e-08,0.000591030150760971,0.0,0.0011792853522192203
ANKRD34B,0.9934255393871416,0.0,2.949516478908573e-06,0.003041653702195824,0.0,0.003529857394184318
ANO1,0.0015709672203428034,0.0,0.0002183777110232063,0.043215582869344,0.0,0.9549950721992889
TMEM176B,0.9869877238146065,0.0,1.7501604878079423e-06,0.0024500801451196696,0.0,0.010560445879786653
PLXNC1,0.49931225562379145,0.0,0.0001258346327164316,2.080423805085398e-07,0.0,0.5005617017011119
SLC25A48,0.7414401941594786,0.0,9.820348086459782e-07,3.4528024135966784e-05,0.0,0.25852429578157593
TMEM59L,0.46814705211130725,0.0,0.0024705831547474264,0.4987955410242665,0.0,0.030586823709678367
SCNN1G,0.2399073213181035,0.0,0.00044373075725042505,0.21325607615695247,0.0,0.5463928717676938
JAKMIP3,0.9986939863711268,0.0,4.402791576833207e-09,0.0005988344475010205,0.0,0.0007071747785807384
GAD1,0.13522100396354864,0.0,0.002655349741903567,0.8573108932885487,0.0,0.004812753006000653
TUBB2B,0.9744674145744279,0.0,5.811477988905274e-06,0.022097380675606012,0.0,0.0034293932719755248
LRTM2,0.9774013622031056,0.0,7.093425690068284e-08,0.00021928926984844348,0.0,0.02237927759279031
GPR26,0.9676571253290192,0.0,3.210020406341507e-07,0.0016314407574575674,0.0,0.03071111291148352
CACNA2D3,0.9967375415777711,0.0,6.020029883929636e-07,0.0015362149429924048,0.0,0.0017256414762499097
FGF9,0.9964690042530578,0.0,1.1486638037388696e-06,0.001993760326127091,0.0,0.0015360867570111012
ZFHX3,0.007008791701795359,0.0,0.0021035711800377363,6.757242263998946e-06,0.0,0.9908808798759011
ACAN,0.6990186162976225,0.0,0.0012075982710916444,0.09290605628871398,0.0,0.20686772914257226
TOX2,0.6897270445881563,0.0,0.0015495329721063149,0.012187918469787258,0.0,0.2965355039699496
HOXD12,0.0,0.0,1.4329362266773403e-243,3.734744612043447e-146,1.0,0.0
RAB11FIP4,0.9986504495734245,0.0,5.950613133318191e-08,0.0006129644176329562,0.0,0.0007365265028103068
PLEKHA6,0.947514591263414,0.0,2.8837785002831857e-06,0.001891405907535096,0.0,0.050591119050549374
B3GAT1,0.8129651106643487,0.0,3.53951461186283e-05,0.0007520098312195137,0.0,0.18624748435831173
CCDC184,0.9705693725114468,0.0,4.728187713509639e-05,0.0018552901376701898,0.0,0.02752805547374674
UMODL1,0.9979270478888158,0.0,9.125355645158327e-09,0.00018179827149209052,0.0,0.001891144714336852
NKX2-4,0.6660323768841265,0.0,0.0004861119838082432,0.3079232610553079,0.0,0.025558250076758004
CHST1,0.9625472840088016,0.0,1.4795946165462219e-05,0.00691095130429115,0.0,0.0305269687407408
ABCG1,0.9994661065751947,0.0,6.476686769808198e-10,4.978619642538137e-06,0.0,0.0005289141574926284
PROKR2,0.9681904596555629,0.0,3.829712204106809e-05,0.010573056993478724,0.0,0.021198186228917178
EPB41L4B,0.9171803519340466,0.0,2.9709435084811924e-07,0.08233139964201411,0.0,0.00048795132958880013
CAMK1G,0.7622438903209139,0.0,0.000533701156874918,0.22513738410591724,0.0,0.01208502441629476
ZFPM1,0.7140935445181257,0.0,3.457741166215025e-07,4.0931471500848136e-05,0.0,0.2858651782362581
HEMGN,0.5716503806790797,0.0,4.308977157986955e-06,8.978833106297638e-05,0.0,0.4282555220126999
GATM,0.9949762892293049,0.0,1.80996151588666e-06,0.0002680235062186414,0.0,0.004753877302960845
LRRC52,0.9345854672214164,0.0,3.878165041225675e-06,0.06385035004622992,0.0,0.001560304567312027
POU3F1,0.9801596449024288,0.0,4.805425478850847e-07,0.012449701252286243,0.0,0.007390173302738122
GNAZ,0.9934661043828344,0.0,9.483952509242995e-08,0.00017910022638012286,0.0,0.006354700551259824
ACSS1,0.0015765028542584574,0.0,0.00488933073087983,1.4117920514414616e-11,0.0,0.9935341664007429
FGFR3,0.0013470610361770194,0.0,1.2920829447640656e-05,1.767784528322037e-06,0.0,0.9986382503498481
DOK5,0.9993489138959247,0.0,2.6795371630679766e-07,0.00017840678069784045,0.0,0.00047241136965985665
UBL4B,5.632125906708051e-11,0.0,0.9741242763758376,7.827378253994656e-06,0.0,0.02586789618958774
RAP1GAP2,0.993786062931633,0.0,2.9096965618685165e-11,0.003083069043079403,0.0,0.003130867996191575
YBX2,0.9300532460100294,0.0,8.031360352593068e-06,0.010140957955597439,0.0,0.059797764674020655
COL4A1,0.9977807747891784,0.0,6.993500900161641e-06,0.002167356542881865,0.0,4.487516703833548e-05
BTBD11,2.1678760226136395e-05,0.0,1.0420693296106089e-06,0.00016661328897345386,0.0,0.9998106658814696
SPTBN4,0.9998481715128038,0.0,6.6731389387977825e-09,1.105096185076572e-05,0.0,0.00014077085220717331
HOXD13,0.0,0.0,1.1420905342969797e-210,4.8636072342994725e-145,1.0,0.0
KCNF1,0.9937670732589641,0.0,6.524693550501202e-07,0.0006322347140614322,0.0,0.005600039557618117
GPR101,3.1650569531551176e-06,0.0,5.5180287813501736e-09,0.8587875834966283,0.0,0.14120924592839046
PEAR1,1.608678544131756e-14,0.0,0.992860474312433,1.1432496962260427e-07,0.0,0.007139411362582425
CMTM5,0.01180805557741915,0.0,1.0262304988634509e-06,3.4676215811954965e-09,0.0,0.988190914724459
MYT1,0.9876823724169356,0.0,2.0431777476430545e-07,0.008136040069122549,0.0,0.0041813831961657446
EVI5L,0.9998367749549029,0.0,9.35017405392172e-10,2.1286327143630283e-05,0.0,0.00014193778293445343
KRT222,0.991064564404119,0.0,2.4116800917649254e-06,0.00242177282626852,0.0,0.006511251089520005
ELOVL2,0.9938702901324064,0.0,7.544746050463873e-07,0.005950971561639378,0.0,0.00017798383134848484
EGFL7,0.8784143636244163,0.0,3.63844625184502e-07,0.08939231204422136,0.0,0.03219296048673621
TMEM74B,0.9955808123311196,0.0,6.9645457249206e-08,2.7149956219321962e-05,0.0,0.0043919680672050935
RPH3A,0.046791282660493996,0.0,3.090492060054796e-05,0.014143044231043681,0.0,0.9390347681878622
SYBU,0.9984537438933891,0.0,1.3851934534656523e-06,0.0011003006281733742,0.0,0.00044457028498335704
DPP6,0.9990427175547703,0.0,5.377052568623295e-08,1.2788377272784655e-05,0.0,0.0009444402974329843
NGEF,0.9996544125334162,0.0,1.674421071415458e-08,4.1954656980832595e-05,0.0,0.0003036160653938259
CXCL16,0.35634777831658127,0.0,7.445000101624902e-06,0.018370318050929417,0.0,0.6252744586323863
GAL,0.7107019981018131,0.0,1.4086601638702355e-06,3.7306595174922074e-05,0.0,0.28925928664284845
GJB2,0.8277163948944818,0.0,0.00016869819070691858,0.0013784300409758674,0.0,0.1707364768738356
PTP4A3,8.66999829910012e-05,0.0,3.607931359829369e-05,2.0343187990247834e-10,0.0,0.9998772204999787
SLC7A10,0.9927613381676682,0.0,4.2485232645850885e-07,0.0011470216540997483,0.0,0.00609121532590683
CADM1,0.8056070629835548,0.0,3.558288390845868e-07,0.19405874869389414,0.0,0.00033383249371324064
CARTPT,0.9502639371630099,0.0,1.0877868987677956e-05,7.620358934976989e-05,0.0,0.04964898137865123
TMEM54,0.0006229855888468273,0.0,0.0006275900286143742,0.9984978433774471,0.0,0.00025158100509301045
FAM120B,0.9166355867105822,0.0,2.249136465590106e-05,0.04948344355639389,0.0,0.03385847836836829
VSNL1,0.9941790301162878,0.0,1.262512176252715e-06,0.005287724591486047,0.0,0.0005319827800481455
PAQR9,0.8859740966308677,0.0,1.8984501726981667e-06,0.11301484875592323,0.0,0.001009156163036719
MN1,0.994436346787495,0.0,1.903194363106167e-07,3.907987440733492e-05,0.0,0.005524383018661084
ABCC8,0.21298414381083008,0.0,2.317594569567833e-06,6.725253388970496e-09,0.0,0.7870135318693459
TRIM29,1.5327437877118284e-06,0.0,0.0003214640824211252,0.000404630289711569,0.0,0.9992723728840787
KRT1,1.5526329473754e-08,0.0,5.232426966533254e-10,2.603698656037777e-15,0.0,0.9999999839504242
SLC6A19,3.3036617084221845e-09,0.0,9.99129976500473e-11,6.828214304731217e-11,0.0,0.9999999965281425
GDNF,0.9383319988397424,0.0,0.00020015298947410204,0.038484625341647996,0.0,0.0229832228291339
GDF10,0.9860206914501515,0.0,4.4720031506482096e-07,2.9001502925043197e-05,0.0,0.013949859846608795
CLMP,0.9943598487692843,0.0,5.307527876391032e-05,0.0011487276747990103,0.0,0.004438348277153383
HOXB9,0.0,0.0,3.7931154202365037e-134,9.724494432450567e-244,1.0,0.0
REEP1,0.982601595406141,0.0,1.4969201362300146e-06,0.00014606702404897204,0.0,0.017250840649672923
ASS1,0.02395603238659685,0.0,5.788761731616342e-06,0.9737153283142953,0.0,0.0023228505373771914
SOX18,0.9568939215529688,0.0,4.9641877388385945e-05,0.013759063705304796,0.0,0.02929737286433843
SAMD5,0.9371933925797117,0.0,2.272399030276851e-06,0.06078916527986308,0.0,0.0020151697413957792
SLCO4A1,0.023908636893689196,0.0,1.4824143624671513e-05,1.313055218868922e-06,0.0,0.9760752259074656
B4GALNT1,7.310717505083862e-06,0.0,5.7160336463459065e-05,0.9978086166383179,0.0,0.002126912307714627
SFRP2,0.01209836866194691,0.0,0.00450324381988142,0.9825016227765965,0.0,0.0008967647415735444
WNT1,9.165518061583475e-09,0.0,4.497225055452254e-06,0.9980380764228125,0.0,0.001957417186613112
CHRM1,0.99216459266489,0.0,2.8944937991588774e-07,0.0035612947122534004,0.0,0.0042738231734765954
PTH2,9.581193059567594e-08,0.0,0.0015588818289533712,0.9984407994520738,0.0,2.2290704333488482e-07
HOXD1,0.0,0.0,0.0,6.0270609391732295e-173,1.0,0.0
DRAXIN,0.8939557395580137,0.0,1.968325375304116e-07,0.08988987231205182,0.0,0.016154191297396644
AGXT,0.905213073171512,0.0,1.4990448678301564e-06,4.008937723330236e-05,0.0,0.09474533840638656
VAT1L,0.9971539556483199,0.0,3.699439585523487e-07,0.0016640966102533894,0.0,0.0011815777974670868
PTK2,0.0008406994468039994,0.0,7.736987057946044e-07,0.9991557264685682,0.0,2.8003859212018937e-06
COL26A1,0.9967735330281926,0.0,1.8829567342116331e-10,0.001979671151029489,0.0,0.0012467956324838864
OTOF,2.507317436568191e-07,0.0,0.007693925434856698,5.505308124548566e-13,0.0,0.9923058238328502
RSPO3,0.9005434958876833,0.0,0.00030517303335343926,0.03824905303554191,0.0,0.06090227804342179
PTGDS,0.9601812199539514,0.0,2.8657036115391934e-05,0.00027792308118779625,0.0,0.039512199928744954
NKAIN4,0.012537886242420245,0.0,2.2946216690128248e-07,0.0005306966953154327,0.0,0.9869311876000991
DCDC2C,0.9982357150241423,0.0,3.5589796349970785e-07,0.0006912741929478767,0.0,0.0010726548849445809
GPATCH2L,0.9990562958145668,0.0,7.670185120314611e-07,1.948387230812856e-05,0.0,0.000923453294611322
