GENE,cluster1,cluster2,cluster3,cluster4,cluster5,cluster6,cluster7
HOXD8,4.943776390465862e-274,0.0,0.0,1.0,0.0,0.0,0.0
HOXC10,5.671053962777071e-210,0.0,1.0,0.0,0.0,0.0,0.0
LMX1B,4.2025234864765266e-24,5.774614692828398e-81,0.0,0.0,1.0,1.716170247604104e-30,1.8117859723758685e-73
LBX1,2.910359755347236e-09,7.0348239177206924e-40,0.0,0.0,0.9999999970896418,1.6187603232079116e-24,1.6595974487986392e-58
HOXA7,3.49154845226044e-187,0.0,0.0,1.0,0.0,1.375644e-317,0.0
SOX2,0.9999461343203006,1.4342050646516936e-16,0.0,0.0,0.0,1.898091210364377e-15,5.386567969877638e-05
KCNQ2,1.7131918561909056e-06,2.1935413949981888e-40,0.0,0.0,0.0,0.9999915713799342,6.715428209583825e-06
FOXC1,0.98620795735665,5.122623332268556e-09,0.0,0.0,0.0,0.013792037504074536,1.6651694692541698e-11
SIM2,0.9999999555475664,2.2941553163713268e-23,0.0,0.0,0.0,4.4452433097784715e-08,1.245100737660161e-19
NR2F2,0.9999907775785112,9.666016318502637e-16,0.0,0.0,0.0,9.570639788413459e-15,9.222421475341855e-06
MSX1,0.999975491694529,3.119287514138994e-15,0.0,0.0,0.0,2.4508305466826245e-05,8.205242313676992e-18
VAX1,0.9999937659333668,1.496645561007006e-15,0.0,0.0,0.0,6.234066629574666e-06,2.0864081782969355e-15
PDE2A,3.4221386041827077e-09,7.715734239430215e-17,0.0,0.0,0.0,0.9999999131794335,8.339842837555808e-08
NTN1,0.5881956799693975,0.010752051803012995,0.0,0.0,0.0,0.0579058843516091,0.34314638387598173
ASCL1,0.5204895223751816,0.47682277889544805,0.0,0.0,0.0,0.00268769748535126,1.2440194773659058e-09
HOXB13,3.204649893312323e-33,2.902925339206843e-160,0.0,0.0,1.0,1.7125669283356816e-46,2.411606260198039e-113
POM121L2,1.0,4.175439100937831e-49,0.0,0.0,0.0,2.6040691162071157e-52,2.906404035290572e-17
TFAP2A,0.28428521936116996,1.6206584541229802e-15,0.0,0.0,0.0,0.7157132036013009,1.5770375269371959e-06
FOXF2,0.9954142510123202,2.298913050839182e-12,0.0,0.0,0.0,0.00458565794239572,9.104298581433381e-08
OLIG2,0.9999536794939955,8.302496678900072e-16,0.0,0.0,0.0,4.631536765445577e-05,5.138348852651521e-09
EN2,1.1102178828465966e-27,5.6368610315550625e-130,0.0,0.0,1.0,2.590604727079769e-23,1.6300867499109608e-72
SP8,0.9845333934355986,0.015466528962599722,0.0,0.0,0.0,7.74405531639067e-08,1.6124924932031268e-10
SIX2,0.9996549929947237,4.243448224835326e-07,0.0,0.0,0.0,0.0003438482207704074,7.344396838665736e-07
BCL11B,0.004845695283966818,0.966018256449727,0.0,0.0,0.0,0.0041382041663810525,0.024997844099923585
OLIG1,0.9935088481075456,8.1453302397551905e-19,0.0,0.0,0.0,0.006358644382390756,0.00013250751006387256
LHX4,0.36611835472779697,0.09902785277933013,0.0,0.0,0.0,0.5348012028029797,5.2589689894550275e-05
NFIX,5.534770941505702e-06,1.212464580637054e-27,0.0,0.0,0.0,8.446720873489032e-09,0.9999944567823409
DMRTA2,0.9952872148693153,0.00455196853441472,0.0,0.0,0.0,0.0001608165962675503,2.032415478965235e-15
IGF2BP1,0.006280860862690485,1.2752837549345169e-18,0.0,0.0,0.0,4.801909683145443e-06,0.9937143372276248
CDX2,0.9999999638297339,9.979995032772255e-14,0.0,0.0,0.0,3.6170168042687807e-08,5.0577577862341727e-23
TLX3,0.999778049637726,4.042328886676217e-05,0.0,0.0,0.0,0.00018152707257396017,8.329436195655802e-13
TBX3,0.9999999411604517,9.151350207476024e-15,0.0,0.0,0.0,5.883952943996644e-08,1.1176290150679228e-14
DLX2,0.9997109623180774,5.656639263060719e-14,0.0,0.0,0.0,0.0002890376818676099,2.0788302510287e-21
NKX6-1,0.999999885211753,1.147881956318112e-07,0.0,0.0,0.0,5.0527092284366276e-14,2.288862060135997e-15
C1QL2,0.9945333563296459,9.9951857908036e-05,0.0,0.0,0.0,0.004898577885961022,0.00046811392648525243
PRDM8,0.9991023328943026,3.687325212291141e-05,0.0,0.0,0.0,0.0006109155735391332,0.00024987828003401733
IRX2,0.12048275541382751,0.7860309320186768,0.0,0.0,0.0,0.09275673376198947,0.00072957880550677
POU4F2,0.9999999907392692,1.4322639154824644e-12,0.0,0.0,0.0,9.152508822862935e-09,1.0679009500139011e-10
TBX2,0.9193548227232575,8.85002814904134e-06,0.0,0.0,0.0,0.08063284829186247,3.4789567298895312e-06
PHOX2B,0.9999814562373898,1.854275443137456e-05,0.0,0.0,0.0,1.008178314956222e-09,1.2302635629063165e-16
PRDM6,0.9999831378332747,2.0531363346878426e-06,0.0,0.0,0.0,1.480903038721688e-05,2.007618070529369e-15
FOXD3,0.04333678304567978,0.9553771900340825,0.0,0.0,0.0,0.0011501540144077717,0.00013587290582955827
METAP1D,2.597627586900897e-05,0.9973556324938251,0.0,0.0,0.0,0.0026172043098800996,1.1869204251869329e-06
IRX1,0.9021495339664536,0.048526368965400454,0.0,0.0,0.0,0.04927515610491847,4.8940963227112007e-05
OLIG3,0.9999999834730283,1.6526937825368067e-08,0.0,0.0,0.0,1.494877342412605e-14,2.0064231944093545e-14
EPHA8,0.00035654354443828413,0.0012480683685114266,0.0,0.0,0.0,0.9983746875259671,2.0700561084245836e-05
IRX5,0.46831751208159383,0.0008189964131258078,0.0,0.0,0.0,0.5185847422045677,0.012278749300713515
SIX1,0.9999998764175656,1.191385694825587e-07,0.0,0.0,0.0,4.443568964730928e-09,2.971224663982116e-13
OSR1,0.9737103284374136,0.0208863031403672,0.0,0.0,0.0,0.005396870495290841,6.497926929764937e-06
SLC9A3,0.0004913406052682983,2.5701335178327895e-11,0.0,0.0,0.0,0.9995028542648161,5.805104213980603e-06
FEZF2,0.9707979715536489,0.029192565247217552,0.0,0.0,0.0,9.463198262396984e-06,8.728597897666201e-13
EBF2,0.9999917737546508,8.170497363364664e-06,0.0,0.0,0.0,5.5736400307667253e-08,1.158432534025648e-11
TBX18,0.9999151945511826,1.3739099790654176e-05,0.0,0.0,0.0,4.566235660233052e-06,6.650011336695541e-05
MEIS2,0.0057272575805558425,0.9942705703008309,0.0,0.0,0.0,2.0116840302179217e-06,1.604345835609576e-07
SLC12A5,0.15463450751393182,1.1227607616850062e-07,0.0,0.0,0.0,0.8448981872424518,0.0004671929675410605
PRDM16,2.063457008739179e-14,3.500091715744428e-78,0.0,0.0,0.0,0.9998956272495171,0.00010437275046195818
LHX8,0.7727275779197899,0.2270935314619129,0.0,0.0,0.0,0.00017884208681375258,4.853148184963946e-08
NR2F1,0.9997287332525551,2.482216358991301e-15,0.0,0.0,0.0,1.924073706304169e-12,0.0002712667455182616
OSR2,0.9999740615253694,2.5938473626732043e-05,0.0,0.0,0.0,7.333418895506162e-15,9.954370001114655e-13
GATA4,2.305252978078881e-22,5.494917194604318e-116,0.0,0.0,1.0,9.427325454168232e-64,2.2175636305565397e-85
PRSS16,1.0,2.7027244603822826e-37,0.0,0.0,0.0,2.3915489860054107e-45,2.1216262363039705e-16
TBX1,0.005635598828360253,1.568632815292195e-13,0.0,0.0,0.0,0.9943644011713488,1.328303980441411e-13
POU3F3,0.9999141603994653,1.940970589289163e-08,0.0,0.0,0.0,8.58191738044761e-05,1.0170257202009754e-09
WNT1,0.008834275641881793,0.0003035129913571923,0.0,0.0,0.0,0.9908606199989721,1.5913677887953486e-06
CNTFR,0.9988664683285606,9.742996513569239e-08,0.0,0.0,0.0,0.0011238562479440207,9.577993531421869e-06
BCOR,1.2286590048843607e-08,9.477879861243466e-24,0.0,0.0,0.0,4.956907374667746e-05,0.9999504186396635
TWIST1,0.9989153875485327,5.153501802888491e-13,0.0,0.0,0.0,5.2999099295661574e-08,0.0010845594518541374
VSTM2B,0.05593933351685876,1.4403618368352196e-05,0.0,0.0,0.0,0.943224739860694,0.000821523004080638
EMX1,0.9999999767086261,3.5859673140767776e-10,0.0,0.0,0.0,2.2932735549057056e-08,4.250331063732466e-14
MPPED1,0.000517980574431187,1.1395793926602826e-12,0.0,0.0,0.0,0.9994807539724687,1.2654519598748488e-06
FOXC2,0.41964034897050045,5.97206060009338e-07,0.0,0.0,0.0,0.580167671238453,0.0001913825849856827
VAX2,0.999930980544242,6.330855023456952e-13,0.0,0.0,0.0,6.901931699623448e-05,1.3812705436609648e-10
FEZF1,0.36779081944246345,0.6299629733413934,0.0,0.0,0.0,0.0022384315447177097,7.77567142527766e-06
PAX6,0.9999999999950049,3.703561267628825e-14,0.0,0.0,0.0,4.9595332092423234e-12,1.7297306129819463e-30
EN1,0.9999999999907416,2.2788114019359286e-14,0.0,0.0,0.0,9.235164835782797e-12,5.158882534402148e-33
TCHH,0.0029908743630906657,0.9970037041828093,0.0,0.0,0.0,5.412923262986088e-06,8.530837456963093e-09
HOXC4,3.744391111813325e-233,0.0,1.0,0.0,0.0,0.0,0.0
SHH,0.9186181792180445,0.0025782793821011,0.0,0.0,0.0,0.0788028773717522,6.640281020932015e-07
IHH,0.09948538839940582,2.6811783349245084e-09,0.0,0.0,0.0,0.9001369999513694,0.00037760896804607156
LHX3,0.017875538977975038,5.693932980389095e-06,0.0,0.0,0.0,0.9821181812087749,5.858802709216205e-07
BARX1,0.9786806679303975,2.2106967574375315e-08,0.0,0.0,0.0,0.021319309962633145,3.182759628444377e-15
BMP4,0.02007529855131537,0.9283673031757971,0.0,0.0,0.0,0.03772002109441498,0.013837377178471113
SALL1,0.910152542811761,6.349051362977857e-08,0.0,0.0,0.0,0.06393105659013489,0.02591633710759113
ROBO3,0.9994501257839855,0.0004733854163684889,0.0,0.0,0.0,7.633691459921287e-05,1.5188504543580882e-07
KCNA1,0.7586200007027297,0.23470375779181704,0.0,0.0,0.0,0.001915249656553831,0.004760991848899626
C1QA,1.832526793505847e-07,2.7237542493767634e-20,0.0,0.0,0.0,0.0741006953492994,0.9258991213980224
PLXNA4,0.8082760798065144,0.0036072127585000152,0.0,0.0,0.0,0.17953938823561025,0.008577319199374185
NR5A1,0.0002105760469765833,6.343804500081877e-10,0.0,0.0,0.0,0.9992762967376585,0.000513126580984294
HOXB6,6.47378593976838e-210,0.0,0.0,1.0,0.0,3.329415224558853e-250,0.0
WNT10B,0.01734280674853139,0.001133363634011252,0.0,0.0,0.0,0.9814984342515574,2.539536590090273e-05
PPIE,1.8114158344046962e-08,1.548143474773803e-36,0.0,0.0,0.0,3.405999500539759e-07,0.9999996412858931
LMX1A,0.960652505717494,0.03934689639886541,0.0,0.0,0.0,5.285642916013837e-07,6.93193506572842e-08
NEUROG3,0.9999362913089349,7.0922665088942e-11,0.0,0.0,0.0,6.370862014235761e-05,1.2962091525077364e-17
NTRK1,3.430979815187883e-05,1.77914689963407e-16,0.0,0.0,0.0,0.9998958321949726,6.985800687460772e-05
TBX15,0.9999999999881801,2.9437595430792547e-18,0.0,0.0,0.0,1.1818496478946892e-11,1.3518577752547397e-39
ZIC5,0.9999930900439434,3.5617337810664814e-25,0.0,0.0,0.0,6.90903874942954e-06,9.173076392342439e-10
GRIK3,0.1769262204171147,0.045370946787092574,0.0,0.0,0.0,0.7770256700004262,0.0006771627953662198
ECEL1,4.769700348381147e-06,1.0193287045333378e-14,0.0,0.0,0.0,0.9997860532200621,0.00020917707957810117
PAX5,0.999999970572603,4.053703836792995e-27,0.0,0.0,0.0,2.942739987318322e-08,4.183587850699217e-27
NKX2-2,0.999960630151956,3.7725894368921406e-05,0.0,0.0,0.0,1.6439536733921e-06,3.369962821567566e-17
MNX1,0.9999003241093288,6.518712945324105e-10,0.0,0.0,0.0,9.967523880128145e-05,1.968410356356979e-18
PHF21B,0.000337878580262798,1.3226045794630967e-06,0.0,0.0,0.0,0.9995016647435939,0.000159134071562114
MEIS1,0.12838427224722782,0.8138651479925295,0.0,0.0,0.0,0.0028074934839288543,0.05494308627631544
HOXC5,3.744391111813325e-233,0.0,1.0,0.0,0.0,0.0,0.0
INHBB,0.0003654455833704046,2.408761650472961e-11,0.0,0.0,0.0,0.9996167376393839,1.7816753157185842e-05
NEUROD2,0.9999719755642926,1.0764212508435445e-11,0.0,0.0,0.0,2.8024424944111588e-05,3.552810092295825e-21
BHLHE22,0.07515717029733793,0.9124432229809174,0.0,0.0,0.0,0.012163122977628548,0.0002364837441169764
HOXC8,4.3065425975148864e-215,0.0,1.0,0.0,0.0,0.0,0.0
SIM1,0.9999999999991616,8.374593307244862e-13,0.0,0.0,0.0,4.6287297918114044e-17,7.81241603215869e-31
FAM172A,1.464835939739587e-05,0.9988434172681049,0.0,0.0,0.0,0.0011406700686544906,1.2643038438863367e-06
BUB3,0.9973733144449318,7.821748027211583e-08,0.0,0.0,0.0,0.0026266072383137676,9.927505083210234e-11
ISL1,0.9999953319804353,4.131077407806834e-06,0.0,0.0,0.0,5.368394280150623e-07,1.02729988242141e-10
IGSF21,0.004669570184365524,2.4389085913002977e-12,0.0,0.0,0.0,0.9952789508655406,5.147894765341532e-05
PAX1,0.9998784090391966,6.959712779859455e-07,0.0,0.0,0.0,0.00012089484925075182,1.4027424521364603e-10
EXOC6,1.7175426668745498e-05,0.9982526790241713,0.0,0.0,0.0,0.0017280585964142526,2.086952746198569e-06
BCL11A,1.6499765696003286e-07,2.214014747375859e-12,0.0,0.0,0.0,5.51979578864247e-05,0.9999446370422417
SLC17A7,0.5909488541059928,0.0009037922558426443,0.0,0.0,0.0,0.40814735363726146,9.021043253250597e-13
TBX20,0.9990669895810105,0.0009229997950507825,0.0,0.0,0.0,1.0010622215802867e-05,1.7215682515956652e-12
FOXA1,0.935844774773757,0.06409012425730183,0.0,0.0,0.0,6.51003710105556e-05,5.979318975948222e-10
GSC,0.6685355611174834,0.3194606240409985,0.0,0.0,0.0,0.01200380521988315,9.621635138324076e-09
ALX4,0.9999999853161975,1.035629755592893e-16,0.0,0.0,0.0,1.4683803334221737e-08,2.4367171946322488e-39
IGF2BP3,3.964716055170523e-09,2.0173018125477347e-12,0.0,0.0,0.0,0.0003589442355444158,0.9996410517977234
THBD,0.018092748818502726,0.006749035413746859,0.0,0.0,0.0,0.8053277682870592,0.16983044748068996
CDC20B,0.6885074310251561,0.0006714084483647609,0.0,0.0,0.0,3.4343960780648802e-06,0.31081772613039954
FOXG1,0.9999087105560107,2.4477933783013315e-06,0.0,0.0,0.0,8.840354574073842e-05,4.381048717784509e-07
PDX1,0.9991248115709835,0.0008750847683815514,0.0,0.0,0.0,1.0365758107161394e-07,3.054667050476036e-12
ATOH1,0.030986297522930105,0.9680222401220173,0.0,0.0,0.0,0.0009884617604748235,3.0005945761955853e-06
BMI1,0.003003756148059595,0.9755357557178813,0.0,0.0,0.0,0.0177258183633725,0.003734669770685655
DOK7,0.00593441513245184,0.00018472815946711947,0.0,0.0,0.0,0.9228614396698295,0.07101941703824986
SIX6,0.9991248135929447,0.0008751737907154885,0.0,0.0,0.0,1.2615789407320548e-08,5.505994557176682e-13
HAPLN2,0.2314294278645404,9.020585384388139e-15,0.0,0.0,0.0,0.01656253329692955,0.7520080388385201
RGMA,0.0015177802734259542,0.9813933183209265,0.0,0.0,0.0,0.016978765116981303,0.00011013628866534233
CBX8,0.9984513919039283,1.1200192165370968e-12,0.0,0.0,0.0,0.0015486037158177137,4.379133820892699e-09
EPS8L1,0.0011907040678215716,0.7352121131404676,0.0,0.0,0.0,0.2635706378189419,2.6544972769080357e-05
VSX1,0.9589963427520581,0.027748912590055273,0.0,0.0,0.0,0.01325424549204074,4.991658448987927e-07
DNAJC22,0.06591841122733526,0.8226986328886096,0.0,0.0,0.0,0.11120643571104137,0.00017652017301279707
FOXD1,0.9999999688220957,4.743028622276894e-13,0.0,0.0,0.0,6.339525895699953e-11,3.1114032882956144e-08
RIPK3,0.05979420540799444,0.04168307074740161,0.0,0.0,0.0,0.6424551158596904,0.2560676079849134
GABRD,8.63913298675393e-08,1.233567454531617e-08,0.0,0.0,0.0,0.999999493150377,4.0812261921640474e-07
POU2F3,0.0007475381150257304,3.689105430863708e-05,0.0,0.0,0.0,0.9989132966330633,0.0003022741976017001
COL2A1,0.9999956333863675,1.1862808627541937e-21,0.0,0.0,0.0,4.363969923113017e-06,2.643708590669384e-09
NKD2,0.0005562269725010173,5.574693628822428e-07,0.0,0.0,0.0,0.9994317454825079,1.1470075628898797e-05
PRRX1,0.9190800139331099,0.07877528357390023,0.0,0.0,0.0,0.0021439962923951164,7.06200596320851e-07
KCNK13,0.0009289598682813285,0.986877879804573,0.0,0.0,0.0,0.0076226944218401324,0.004570465905306381
NR2E1,0.9999999999998792,3.5596211899957506e-17,0.0,0.0,0.0,7.01760493422338e-15,1.1496398277965749e-13
ADGRA1,0.001191823125167519,8.240446673050595e-05,0.0,0.0,0.0,0.9821936309148153,0.01653214149328725
IRF8,0.0027420066681030594,4.741079323427984e-05,0.0,0.0,0.0,0.956145245402998,0.04106533713566361
PCDH1,0.00028482591277666366,0.34474592330294707,0.0,0.0,0.0,0.6549675315534198,1.7192308578330736e-06
ZFHX3,0.1088455626170552,0.0862544520397105,0.0,0.0,0.0,0.04534817166579187,0.7595518136774441
DNAJB8,1.1526038199907679e-08,3.0683425620283473e-38,0.0,0.0,0.0,0.9993627844722046,0.0006372040017596709
SMUG1,0.012701184097110149,3.182678857143309e-08,0.0,0.0,0.0,0.9847222975599244,0.0025764865161782857
COL27A1,0.0005845573674891824,0.0028943689331268696,0.0,0.0,0.0,0.9963718148372769,0.00014925886210677782
EGFLAM,0.000655791244382207,0.9986406859026263,0.0,0.0,0.0,0.00018295580709590945,0.000520567045893941
DMRT3,0.9999999909763204,4.0272146203555456e-10,0.0,0.0,0.0,8.569244281932167e-09,5.1713558052949085e-11
NGFR,3.2951576614935283e-06,3.668541101026728e-26,0.0,0.0,0.0,0.9999934001224287,3.3047199102285747e-06
SOX7,0.028245401162211907,0.9346679703479487,0.0,0.0,0.0,0.03708633957301011,2.889168281345971e-07
EGR4,0.0685469940727807,0.8834341696868461,0.0,0.0,0.0,0.04635624319829051,0.001662593042082888
PTH1R,0.0001278545567895972,1.6340706289244926e-08,0.0,0.0,0.0,0.9875051444096136,0.012366984692891774
BRINP2,0.0843846247124083,0.8884547769459683,0.0,0.0,0.0,0.027089457262692893,7.11410789310958e-05
CD40,0.01283748161018261,1.1689040746916614e-06,0.0,0.0,0.0,0.13327201342686426,0.8538893360588791
CCDC33,3.8415776200101884e-05,4.6991482726242375e-15,0.0,0.0,0.0,0.024694931872862237,0.9752666523509343
NEUROD1,0.03063159255268591,0.9684762236989637,0.0,0.0,0.0,0.0008882896577769048,3.894090572654077e-06
EPHB3,0.0392866159053275,0.0011881788389715398,0.0,0.0,0.0,0.5305298233294292,0.42899538192627074
HOXD9,4.191125751781085e-196,0.0,0.0,1.0,0.0,0.0,0.0
SLIT1,0.01183982409042292,1.2451530843491098e-07,0.0,0.0,0.0,0.9819894231354005,0.006170628258866395
SPR,3.84896746379754e-05,2.4123640633485985e-11,0.0,0.0,0.0,9.101245022754848e-12,0.9999615102921381
NTF3,0.016788698551780473,0.883696651386006,0.0,0.0,0.0,0.09091883213903039,0.008595817923182507
DBX1,0.9821705498442884,0.01580676052303149,0.0,0.0,0.0,0.002022113694950902,5.759377291230091e-07
ATOH8,0.007761124849675696,6.5523303013758845e-12,0.0,0.0,0.0,4.056831996011109e-06,0.9922348183117743
SPAG6,0.049385940641103986,0.9207416227343787,0.0,0.0,0.0,0.004945395361107515,0.02492704126341089
CACNA1E,0.8898332539547027,0.08561242854397179,0.0,0.0,0.0,0.02445584781665163,9.846968467375615e-05
ZIC4,2.760531835271765e-12,3.2481176031403675e-53,0.0,0.0,0.9999999999972395,2.0952736073576095e-30,4.769240778591465e-47
CLDN9,1.5529082678115694e-06,0.9818280160258998,0.0,0.0,0.0,0.018169333744057624,1.0973217732490802e-06
DMBX1,0.0029970744991420868,6.997641775962611e-05,0.0,0.0,0.0,0.9924366733388561,0.004496275744240618
TNNT2,2.200484953098766e-07,3.465292857713514e-05,0.0,0.0,0.0,0.9999590722160948,6.054806832434068e-06
ALDH1A2,0.0163894058032782,0.9829968091980884,0.0,0.0,0.0,5.787203731651146e-06,0.0006079977949021136
NKX3-1,7.922964678826944e-05,1.2774236385938338e-42,0.0,0.0,0.0,0.9999207703510796,2.131290444169855e-12
MEIS3,0.01596445820479761,1.9155401066587574e-09,0.0,0.0,0.0,0.9840355396455378,2.341230562120507e-10
PRMT8,0.006347069038653547,0.9726756222301278,0.0,0.0,0.0,0.01992565564327988,0.0010516530879377255
SOX21,0.0416685434517038,0.9579567429414766,0.0,0.0,0.0,0.0003745506335864388,1.6297323461616585e-07
EVX1,1.7045753504921294e-64,1.1392603638428819e-231,0.0,0.0,1.0,3.895160718663851e-70,1.0815426927489512e-105
WNT7A,0.18799092204275153,0.02100069523860936,0.0,0.0,0.0,0.7910070675401303,1.3151785096067257e-06
GRIN2C,0.10704012348257405,0.00993383179074149,0.0,0.0,0.0,0.8826969495294911,0.0003290951971943527
FRMD4A,1.727349799790622e-05,0.9979162674391248,0.0,0.0,0.0,0.0020627551272890303,3.7039355879337922e-06
FZD10,0.9795378757099559,0.006485666941903891,0.0,0.0,0.0,0.007849608874879425,0.006126848473260666
ACTR5,0.00035713665512609777,7.41681539929555e-12,0.0,0.0,0.0,0.9991028681283778,0.0005399952090782492
SSTR4,0.02894082705134994,0.13327908153713866,0.0,0.0,0.0,0.4933146643877356,0.3444654270237763
SERTAD4,0.0009473117449510088,0.9979295996807179,0.0,0.0,0.0,1.225847855791481e-07,0.001122965989544049
ZFHX4,0.7105302481302908,0.2623567776110273,0.0,0.0,0.0,0.01021516345267878,0.016897810806002778
ANKRD1,0.004109901180908509,0.9529719118291738,0.0,0.0,0.0,0.008134659550117088,0.03478352743980177
ADRA2C,1.7616430878679357e-13,4.11185691053694e-46,0.0,0.0,0.0,0.9964214959837335,0.0035785040160889116
VPREB1,0.9764481853507009,0.00025728772142964994,0.0,0.0,0.0,3.474594802393626e-05,0.02325978097984437
NTSR1,9.145956705930474e-07,4.566786628734628e-20,0.0,0.0,0.0,0.9994990770409676,0.0005000083633603457
TNNI3,0.0003086999485160533,4.8627553400654776e-05,0.0,0.0,0.0,0.9996405287182764,2.143779807743603e-06
ESX1,0.00012691071020349054,1.5262704604121846e-18,0.0,0.0,0.0,9.696046544805118e-07,0.9998721196851404
CYP26B1,0.010367217563742119,0.0021258552486177825,0.0,0.0,0.0,0.9875066986343783,2.2855326076817385e-07
NPTX1,0.9939369761695555,9.966805791176651e-05,0.0,0.0,0.0,0.005963351917622072,3.854909161383814e-09
COMMD3,0.0006771359750442583,0.9931603753487873,0.0,0.0,0.0,0.0057224500187565835,0.00044003865741057803
KCNA2,0.028166881440538798,0.004149991252519378,0.0,0.0,0.0,0.1572551747293279,0.8104279525776144
VGLL2,0.06857099964726458,0.9308104887330348,0.0,0.0,0.0,0.0006184709152225063,4.0704477806943693e-08
FGF8,0.0005033469417013303,0.06805544157202967,0.0,0.0,0.0,0.931380130956105,6.1080530164922e-05
PTF1A,0.9999247743615841,7.515854301550725e-05,0.0,0.0,0.0,6.709539990721748e-08,2.379190107325903e-20
GPX8,0.00022482478048963453,0.9221470051602465,0.0,0.0,0.0,2.0737722435382544e-06,0.07762609628702141
C1QB,5.816838376323609e-06,2.389765470640909e-08,0.0,0.0,0.0,0.950557959765737,0.04943619949823162
CD6,0.00041769399812739396,0.01989641870064811,0.0,0.0,0.0,0.9752581384655497,0.004427748835674842
STC2,0.00020668622358500436,0.9997825995712354,0.0,0.0,0.0,8.717442187745031e-06,1.9967629907574485e-06
LINGO1,3.0224439915132126e-15,6.581850858568596e-53,0.0,0.0,0.0,0.9999998037256482,1.9627434760445403e-07
SOX14,0.1500386304176158,0.8469257928720318,0.0,0.0,0.0,0.0030353512754129506,2.2543494052085165e-07
TNFRSF12A,6.026737190538509e-07,0.9934237467566525,0.0,0.0,0.0,0.006575493894380904,1.5667524604501166e-07
CABP7,0.0005075971800389207,0.03054993994765236,0.0,0.0,0.0,0.9689129007327723,2.9562139535715945e-05
SKOR1,0.980219402432009,0.010212744992149083,0.0,0.0,0.0,0.009567852381317967,1.9452239435940604e-10
HOXC9,2.7127424165845537e-213,0.0,1.0,0.0,0.0,0.0,0.0
SATB2,0.9729081896608084,0.027085975122907415,0.0,0.0,0.0,2.2904314154751976e-06,3.5447848691302605e-06
RFX4,0.8660545385828997,0.004868723487493915,0.0,0.0,0.0,0.08426620507226439,0.04481053285734072
SMARCD3,0.0009449702197224154,0.09227869556789477,0.0,0.0,0.0,0.9043194593771592,0.0024568748352233657
UNC5A,0.006505987506897777,1.0483562099610279e-07,0.0,0.0,0.0,0.9934897083256373,4.199331844965561e-06
CACNA1G,0.00524390490392449,0.038668233663486276,0.0,0.0,0.0,0.9560495791488578,3.8282283729701284e-05
LHX9,0.9938073872551837,0.006190548255665624,0.0,0.0,0.0,2.064489151196764e-06,2.1681619628517182e-16
SYT2,0.008034407448327367,0.00019211770240231982,0.0,0.0,0.0,0.991453636829398,0.0003198380198736338
TJP1,0.00021344554828449242,0.9836170103182335,0.0,0.0,0.0,0.016119576051255257,4.9968082227948314e-05
C1QL1,0.0015134649658184404,0.8904070285069793,0.0,0.0,0.0,0.10804984971046493,2.965681673885288e-05
HOXD12,1.1540510750552025e-179,0.0,0.0,1.0,0.0,1.5981514078965085e-305,0.0
HOXC6,9.630919287752284e-212,0.0,1.0,0.0,0.0,0.0,0.0
SCUBE1,2.4820862220256506e-05,5.860231121614664e-06,0.0,0.0,0.0,0.9998448563028034,0.00012446260385595118
BARHL2,0.9999983782114127,1.621788580687085e-06,0.0,0.0,0.0,4.9762606043937154e-15,4.498974707764357e-34
MKX,0.01064277861674736,0.9889582069859641,0.0,0.0,0.0,4.2739218043967056e-05,0.00035627517924518394
MTHFSD,0.016347067751079483,0.0009719862770289357,0.0,0.0,0.0,0.9819643198266034,0.0007166261452895186
STK3,1.0135384736230854e-05,0.9989495685010856,0.0,0.0,0.0,0.0010394550180464624,8.410961326626314e-07
BLK,3.733180261116489e-05,0.9943547754751265,0.0,0.0,0.0,0.005602549058266441,5.343663996964069e-06
CDK5R2,0.8309303245700651,0.010995558556479613,0.0,0.0,0.0,0.11206727596884274,0.04600684090461269
WNT3A,0.4227937326399886,0.06634010777940343,0.0,0.0,0.0,0.510839317238307,2.6842342299585084e-05
FOXB2,0.37354726163231433,0.6259121967333443,0.0,0.0,0.0,0.0005405415881646449,4.617792196992483e-11
PEAR1,9.497977339277798e-06,1.059306382848049e-15,0.0,0.0,0.0,0.9999905019585548,6.410504159690684e-11
PRSS56,3.711180719166763e-05,5.127002772796293e-15,0.0,0.0,0.0,0.9855286311453142,0.014434257047487785
ZMYND15,0.00041192617276461627,0.5358977889061536,0.0,0.0,0.0,0.453855719263576,0.009834565657504856
OAF,0.08402987817031579,0.0001927851855488081,0.0,0.0,0.0,0.0018261239047550207,0.9139512127393805
TFAP2D,0.9991158517127758,0.0008653197727348344,0.0,0.0,0.0,1.8806510715933383e-05,2.200377381614282e-08
SYNDIG1L,0.004383546344298378,0.00023976237933063033,0.0,0.0,0.0,0.8829135836218555,0.11246310765451596
KRT77,8.086627060108443e-06,9.782869688169392e-20,0.0,0.0,0.0,0.05845105290964536,0.9415408604632942
KIF26A,3.0714659533152685e-05,1.2432991487583446e-18,0.0,0.0,0.0,0.9706629161670247,0.02930636917344266
HOXD10,8.54294677282134e-193,0.0,0.0,1.0,0.0,1.5e-323,0.0
NKX3-2,0.9999987203902962,1.2796090069278922e-06,0.0,0.0,0.0,6.958624804728574e-13,9.249379479376676e-24
BAHCC1,0.0006793332667728126,0.998404549607308,0.0,0.0,0.0,2.6624586843085737e-05,0.0008894925390771093
KCNJ5,0.043395535566225156,0.0007010772124992522,0.0,0.0,0.0,0.945556332995799,0.010347054225476287
QSOX2,1.5591400743485176e-05,0.9819100354798251,0.0,0.0,0.0,0.018054035650828124,2.0337468603253676e-05
WNT5A,0.001795600480057521,0.9812203952485182,0.0,0.0,0.0,0.01694318729137628,4.08169800492363e-05
WDFY4,0.0003506916870759065,0.15415428445177587,0.0,0.0,0.0,0.844106374698231,0.0013886491629184307
SKAP1,0.01597715074918449,2.2360824495235198e-07,0.0,0.0,0.0,6.838064762056e-05,0.9839542449949497
TMPRSS6,2.9523128994800995e-08,1.966401652461116e-10,0.0,0.0,0.0,0.9973283567260128,0.0026716135542180558
HOXC13,2.270215599165474e-153,0.0,1.0,0.0,0.0,3.96742305213372e-298,0.0
IFITM10,0.0015041717674414438,0.8220126140206301,0.0,0.0,0.0,0.16815955199128674,0.008323662220643327
GAD2,0.043624896746956,0.9551028097133062,0.0,0.0,0.0,0.001272245508163368,4.80315756508953e-08
GRM8,0.005572485271230833,0.9917420039999403,0.0,0.0,0.0,0.0007942575356162749,0.0018912531932129908
HCK,0.00016654165097109967,1.4441813147369403e-11,0.0,0.0,0.0,0.07560362447596455,0.9242298338586218
ASCL2,0.004218937232910959,0.01173620938823571,0.0,0.0,0.0,0.9828920014695243,0.001152851909329901
RASGRF1,0.44723258271994054,0.4057422207080234,0.0,0.0,0.0,0.1467734903010218,0.0002517062710124623
PCDHGA12,9.790575461145987e-15,5.937143195485432e-26,0.0,0.0,0.0,1.1433383751580769e-61,0.9999999999999929
IRX3,0.013676997703932292,0.03625431861418213,0.0,0.0,0.0,0.9496303108005512,0.00043837288133482356
MECOM,0.09752979026944375,0.5454407918029507,0.0,0.0,0.0,0.0029011025953770927,0.354128315332227
PLAGL1,0.000714004943258299,0.9705406396476404,0.0,0.0,0.0,0.018818425683001648,0.009926929726099544
TWIST2,0.0048615921255349415,0.9843577547636253,0.0,0.0,0.0,0.00698798319691707,0.0037926699139216135
RHCG,6.297990973806132e-06,1.3736835991997785e-26,0.0,0.0,0.0,0.964031726717562,0.035961975291465505
RIPK4,0.0005246253327772717,3.912197828660669e-06,0.0,0.0,0.0,0.9994682059040236,3.256565369038414e-06
PITX3,0.00957578023246221,0.037845530204687686,0.0,0.0,0.0,0.9520579365600954,0.0005207530027554595
VSX2,0.0051680274625422575,2.050366687169301e-06,0.0,0.0,0.0,0.9948295476775117,3.744932573479729e-07
SLC6A12,0.0017371825641637664,7.533260384762897e-07,0.0,0.0,0.0,0.9751450092295839,0.023117054880212432
BAMBI,0.000164798000861773,0.999495173487945,0.0,0.0,0.0,0.000151056479118048,0.00018897203207645215
HOXB8,2.317036010469463e-159,0.0,0.0,1.0,0.0,1.4969266093401874e-203,0.0
EDN3,0.005790532698531105,0.9787695560778713,0.0,0.0,0.0,0.012212902281825247,0.003227008941772564
ADRA2B,9.182340614959155e-06,0.0011771527169733653,0.0,0.0,0.0,0.9986080239991691,0.00020564094324295744
SOX8,0.0011248792384311727,2.036934172431708e-30,0.0,0.0,0.0,0.006546534501195159,0.9923285862603733
TEAD1,0.0005452151705468804,0.9988822809438429,0.0,0.0,0.0,2.3479377770989085e-15,0.0005725038856090048
CAMTA1,9.909226964697265e-06,0.9988708819614527,0.0,0.0,0.0,0.0011181393282075507,1.0694833766561385e-06
SLC1A2,0.0003641373211628249,0.9995916794085472,0.0,0.0,0.0,1.634083968335186e-05,2.784243060642668e-05
PKNOX2,0.033130150678470555,0.7695318889612335,0.0,0.0,0.0,1.607089210792481e-05,0.19732188946818968
SALL3,0.18437488405118924,0.6304369679592701,0.0,0.0,0.0,0.1850316991464415,0.00015644884309810338
FAM163B,2.2159411329632384e-07,1.2989563837116826e-06,0.0,0.0,0.0,0.9999955898962448,2.8895532598128478e-06
TSPAN9,5.840935421016513e-06,0.9993512457890914,0.0,0.0,0.0,0.0006427908620506494,1.2241343609505665e-07
HS3ST3B1,0.007847604445706802,0.9262185045239183,0.0,0.0,0.0,0.06338278525076889,0.002551105779604368
ALX1,0.12499010492171349,0.8684510830664168,0.0,0.0,0.0,0.00030778872958958187,0.006251023282279734
TBC1D21,0.0010757001121750368,0.07994570746542608,0.0,0.0,0.0,0.9011770204372638,0.01780157198513554
HYDIN,0.00013526364864365468,0.9929851514933413,0.0,0.0,0.0,0.006837643859011756,4.194099900335063e-05
DMRT2,0.949186718600354,0.050808141861644125,0.0,0.0,0.0,5.137795112420053e-06,1.7428888467185995e-09
CCDC8,0.006195195964605436,0.8808567411994113,0.0,0.0,0.0,0.11293424750688906,1.381532909310148e-05
DUOXA1,0.004216140061402254,5.034132651400077e-09,0.0,0.0,0.0,0.9938217263516193,0.0019621285528443706
EGR3,0.0006530954244793713,5.20220312307166e-07,0.0,0.0,0.0,0.9985086848669498,0.0008376994882569044
KCND3,0.01175448971782499,0.033651224343288016,0.0,0.0,0.0,0.952489148419987,0.002105137518898915
TAL1,0.9904839470378093,9.978803802469563e-05,0.0,0.0,0.0,0.009414906707151657,1.3582170150184064e-06
RORA,5.6046090010039595e-05,0.9972878829011917,0.0,0.0,0.0,0.0026482736432795304,7.797365519083876e-06
SLC30A2,0.0016423709670580003,3.490942566747679e-05,0.0,0.0,0.0,0.9761489237605068,0.022173795846766108
EDAR,4.120764137409178e-06,3.6878199169319187e-06,0.0,0.0,0.0,0.9996125664471004,0.0003796249688465494
PTCH1,7.766331327690594e-05,0.9999204725965165,0.0,0.0,0.0,1.6579439553233677e-06,2.061462522653288e-07
WNT9B,7.607176531850499e-05,0.0008456454571690793,0.0,0.0,0.0,0.9990505805544165,2.770222309442186e-05
ACOXL,0.0006164543072003071,5.20957986164981e-07,0.0,0.0,0.0,0.8346389119702228,0.16474411276459033
ILDR2,0.017044867083713475,0.8023814334557986,0.0,0.0,0.0,0.1735278612033017,0.007045838257188023
ATP8B3,7.715398260146671e-06,0.9989410969316984,0.0,0.0,0.0,0.0010495945369343473,1.5931331076091742e-06
HMX2,0.9996079199919345,0.0003795158601458667,0.0,0.0,0.0,1.2564147919355811e-05,9.958426564077889e-18
FAM83H,4.636632306615056e-06,0.982857208240826,0.0,0.0,0.0,0.01713568790536308,2.46722150300204e-06
HOXD13,7.728904841308869e-159,0.0,0.0,1.0,0.0,1.1264014460096595e-291,0.0
SLC18A3,0.8072272910056479,0.0835052812375984,0.0,0.0,0.0,0.10925929275773177,8.134999020950337e-06
CDH23,0.00026473973636344635,8.868698364758626e-06,0.0,0.0,0.0,0.9997083558892441,1.8035676026384702e-05
ZIC2,0.9999902762220432,2.0953063883486164e-21,0.0,0.0,0.0,9.723756502119823e-06,2.1454117551429486e-11
GDF10,0.0005312979499821328,0.09758112936051318,0.0,0.0,0.0,0.9017528698512202,0.0001347028382828522
CLDN6,3.735245841535347e-07,0.9919438487633504,0.0,0.0,0.0,0.008055558548284835,2.1916378174007523e-07
COL18A1,0.00014335367134289592,0.9740589226315376,0.0,0.0,0.0,0.02548736096513329,0.0003103627319871446
C1QC,8.84756613146284e-07,3.249452519703417e-15,0.0,0.0,0.0,0.08010161833809604,0.9198974969052881
TRABD2B,0.00013721157525615774,0.9984790407877087,0.0,0.0,0.0,0.0013695673635786092,1.4180273456833905e-05
LONRF3,0.006772031602586384,0.0012039581760693765,0.0,0.0,0.0,0.05181582453539779,0.9402081856859453
SCUBE3,0.15929739375807994,0.17613041645000388,0.0,0.0,0.0,0.6560547796643054,0.008517410127612304
IKZF1,0.0011484572467113903,0.9912254595389569,0.0,0.0,0.0,0.0005127985628661302,0.00711328465146457
EXTL1,1.2338927637691568e-06,0.9954402893067379,0.0,0.0,0.0,0.0045584375419962415,3.9258503199893434e-08
DUSP8,3.9332612457476636e-05,2.778049816404111e-06,0.0,0.0,0.0,0.9147809212106076,0.08517696812711718
PROX1,0.005100187131679311,0.9939787672164441,0.0,0.0,0.0,0.0009206595622093684,3.860896674130013e-07
MPZL2,0.0050867663603014705,4.658218421595695e-10,0.0,0.0,0.0,0.0011895917125717506,0.9937236414613035
HOXA3,1.3897288269565392e-166,0.0,0.0,0.0,1.0,7.210723980361022e-279,0.0
AMMECR1,2.0633554603222704e-06,5.460947574852707e-17,0.0,0.0,0.0,0.00023149895510304972,0.9997664376894378
SOX3,0.0318204231937621,1.024884760286052e-09,0.0,0.0,0.0,0.004472572498006953,0.9637070032833476
SLC6A3,0.011518579942417992,0.8794766647938075,0.0,0.0,0.0,0.10896835778030177,3.639748347443542e-05
PCDH19,1.688554084309845e-05,5.811766782827834e-25,0.0,0.0,0.0,3.658258410758374e-05,0.9999465318750479
FBRSL1,0.0020999482477355707,0.855944871773516,0.0,0.0,0.0,0.13586791667463202,0.0060872633041181975
ADARB2,0.006144535365319043,0.9922401564804988,0.0,0.0,0.0,0.0010161092440775432,0.0005991989101033496
RORC,1.2778989277476075e-06,0.00010605360677116644,0.0,0.0,0.0,0.9979828425543619,0.0019098259399410193
EFCC1,0.05521561052560637,0.06413902008271499,0.0,0.0,0.0,0.8383318219080244,0.04231354748365465
LRRC52,0.0008575821512889243,0.9727805984230361,0.0,0.0,0.0,0.0024196165880791725,0.023942202837595215
BCAR1,1.1514191621479575e-05,0.9999835051359133,0.0,0.0,0.0,4.950311487786037e-06,3.036097781495293e-08
NPPB,0.0008856335201363647,0.03753199353830249,0.0,0.0,0.0,0.9554271856914422,0.006155187250119024
BPIFA3,0.0005342836549661745,0.9785793490765716,0.0,0.0,0.0,0.018945341166417193,0.0019410261020464483
ADCY1,0.0012137579455409725,0.6566528971073654,0.0,0.0,0.0,0.339957642854105,0.0021757020929900335
PDLIM3,0.006598864831149029,0.991395566361162,0.0,0.0,0.0,0.0002933632719448047,0.0017122055357452542
LHX1,0.9801111593768904,0.001049593162506758,0.0,0.0,0.0,0.01883924745538592,5.2186053547167885e-12
TSPAN18,0.0001674110680548799,0.9408774408215744,0.0,0.0,0.0,0.05885568242684205,9.946568352926506e-05
FGD5,5.547064206327767e-06,1.6865130953132117e-11,0.0,0.0,0.0,0.2037165302860228,0.7962779226329049
CCND2,0.0024157264694194213,0.025879450955550953,0.0,0.0,0.0,0.9516461870734817,0.020058635501548395
OTOF,4.083804752021006e-07,2.914776792719101e-19,0.0,0.0,0.0,0.9981919367061649,0.0018076549133584168
ASS1,1.4496660544235376e-05,0.9999548349331089,0.0,0.0,0.0,2.3734878421769745e-05,6.933527925099355e-06
KDELR3,0.0007409399118678869,0.006025216989682741,0.0,0.0,0.0,0.9932275745708345,6.2685276156330226e-06
MYO5B,0.05065465547530052,0.7766942461360853,0.0,0.0,0.0,0.0073936920627895855,0.1652574063258257
SLIT3,0.00020567054789620792,0.9884149553646269,0.0,0.0,0.0,0.011354426918171314,2.494716930410868e-05
PCSK6,9.811058927073477e-05,0.9623946868632248,0.0,0.0,0.0,0.03747014709293102,3.705545457468087e-05
HOXA10,4.3177882520478666e-160,0.0,0.0,1.0,0.0,1.834205091615057e-295,0.0
BMP6,0.0005921089120199952,0.998135231700106,0.0,0.0,0.0,0.0008112400396724445,0.0004614193482027933
DLGAP4,0.0048159361246054985,0.845218482551603,0.0,0.0,0.0,0.1499586685141979,6.912809593476267e-06
CAPN13,2.5163575942821405e-05,0.9916641926261407,0.0,0.0,0.0,0.008253334012992667,5.7309784923602165e-05
TMC2,0.06911960688867602,2.828022316636176e-06,0.0,0.0,0.0,0.06375021249329879,0.8671273525957077
TRPC3,0.002142284825496945,0.9976519928089558,0.0,0.0,0.0,0.00014888551389612178,5.6836851652035335e-05
NFIC,0.22215702698301906,0.06486349357375026,0.0,0.0,0.0,0.013842797701500889,0.6991366817417315
SLC24A4,0.04603826704876129,0.05615778705385359,0.0,0.0,0.0,0.7965291605770295,0.10127478532035458
KCNN3,5.620567912408276e-05,0.9025874160719733,0.0,0.0,0.0,0.09732005422613682,3.6324022764898324e-05
UNC5B,6.306613542368774e-05,0.9927839140187744,0.0,0.0,0.0,0.007140691276398347,1.23285694044184e-05
ZEB2,0.0015681954635516433,4.628422029235286e-06,0.0,0.0,0.0,0.0003649039628983008,0.9980622721515222
ASTL,6.694278066667698e-06,0.001318667833047281,0.0,0.0,0.0,0.9960732725200595,0.002601365368827218
PBK,0.0007223750763490468,0.9990126345153203,0.0,0.0,0.0,0.00025358667113576695,1.1403737196182924e-05
CIB4,4.847658872565726e-05,3.1119371420469973e-06,0.0,0.0,0.0,0.9998834327605605,6.497871357254818e-05
ZIC3,4.689199828851286e-05,3.126059613004355e-22,0.0,0.0,0.0,0.0035954948323770938,0.9963576131693341
UBXN10,0.003370229423372844,1.5918246443216605e-05,0.0,0.0,0.0,0.9964589179306961,0.00015493439948666282
SOX9,0.014009875304404269,0.8520212631907885,0.0,0.0,0.0,0.13382119703232861,0.00014766447247946675
ASTN2,0.002270232375864847,0.9801268697825257,0.0,0.0,0.0,0.01716130118515811,0.0004415966564496094
CCM2L,1.5580584208420345e-05,4.615499089701126e-12,0.0,0.0,0.0,0.4130161289565313,0.5869682904546446
HOXD11,6.25839695335973e-182,0.0,0.0,1.0,0.0,7.313297601967e-312,0.0
FZD2,0.0001036563409854762,0.9971603654106354,0.0,0.0,0.0,0.0027315271272395545,4.451121140951266e-06
DOK1,0.012231685416877122,0.9046502643067446,0.0,0.0,0.0,0.08037006706703774,0.0027479832093421563
PCDHGC4,0.0002885178272797347,0.9996539215047191,0.0,0.0,0.0,5.184296138010152e-05,5.717706621676385e-06
USH1C,3.957622400538106e-08,5.707480138884415e-14,0.0,0.0,0.0,0.9999858292918575,1.413113186231729e-05
LAMC3,0.010769783932656835,0.0009705896241559561,0.0,0.0,0.0,0.3683768501628997,0.619882776280286
RYR3,0.0015372204232490727,0.9797625579275999,0.0,0.0,0.0,0.018385262934257837,0.0003149587148942689
KLHL29,0.0009876597760942502,0.9792485573760785,0.0,0.0,0.0,0.01973124937302492,3.253347480352539e-05
RING1,0.0001368487547198077,0.9955803972851166,0.0,0.0,0.0,0.004151565895392236,0.00013118806477094042
FAM83F,1.1574786184337015e-05,3.674037957264301e-06,0.0,0.0,0.0,0.9996633942393898,0.0003213569364700821
CACNA2D2,8.511253203058883e-08,1.3792091563565632e-16,0.0,0.0,0.0,0.9999999125952004,2.2922671323566097e-09
HOXA2,6.502063252620104e-129,0.0,0.0,0.0,1.0,1.3242088135291869e-222,0.0
PRRX2,1.086063248506133e-05,0.8776525401582578,0.0,0.0,0.0,0.12233626984535702,3.2936389921742085e-07
IDUA,3.300714612411784e-05,0.998405815452482,0.0,0.0,0.0,0.0015346818113688018,2.6495590023923738e-05
MLXIPL,2.1490286029775307e-05,0.9652865905713859,0.0,0.0,0.0,0.03469180288539049,1.1625719406021731e-07
CADM3,0.001631311444637732,0.9937340750897301,0.0,0.0,0.0,0.0005301947187852961,0.0041044187468466
NPHS1,0.0026015923556277484,3.3889512870330183e-06,0.0,0.0,0.0,0.9973941663789847,8.523141019990025e-07
TFAP2B,0.9999997628307679,1.0682782471087445e-09,0.0,0.0,0.0,2.1669850185893764e-07,1.9402450953744985e-08
COL9A1,0.003812127358592867,4.7832732472454056e-14,0.0,0.0,0.0,0.005240846533637694,0.9909470261077217
KRT7,3.3205548437203437e-06,0.9902652893055509,0.0,0.0,0.0,0.009731102573405752,2.875662010705299e-07
CELF2,2.2228629232597536e-05,0.999708713911639,0.0,0.0,0.0,8.022537008529833e-05,0.00018883208904365792
PPP1R1B,0.03840178643149753,3.211679564240497e-05,0.0,0.0,0.0,0.8813897319025908,0.08017636487026816
IGF1R,5.251218155720976e-05,0.9721653695345401,0.0,0.0,0.0,0.027602509153620308,0.00017960913028352147
ARHGEF12,0.000173760471904877,0.9998254412074915,0.0,0.0,0.0,2.6509837882870033e-08,7.718107656019448e-07
WWTR1,1.6210579078436233e-05,0.9982132054466791,0.0,0.0,0.0,0.0017694703857942598,1.1135884474680583e-06
RSRC1,0.9960167597830402,6.356197153053261e-06,0.0,0.0,0.0,0.0030870557291605917,0.0008898282906474348
MN1,0.0004129999114026061,0.9843608241671927,0.0,0.0,0.0,0.015100780683922704,0.00012539523748238585
SPTB,1.5008530149856704e-05,2.6885237536553674e-06,0.0,0.0,0.0,0.9866626241428,0.013319678803296429
BHLHE41,0.0025915637616473653,0.9628745327093775,0.0,0.0,0.0,0.00036305654439915456,0.034170846984575225
HOXD3,1.8078650677947667e-262,0.0,0.0,1.0,0.0,0.0,0.0
FGF5,0.011055003286475283,0.9882186508557016,0.0,0.0,0.0,0.0003103517614066232,0.00041599409641819124
MAF,2.1907082938878335e-05,0.9991124381012036,0.0,0.0,0.0,0.0008647161292889496,9.386865673902556e-07
MDFI,0.00017599784713258812,0.003994400183270947,0.0,0.0,0.0,0.995739878289186,8.972368041153824e-05
PTHLH,0.045065192118948764,0.9531351977126625,0.0,0.0,0.0,2.5834938611059332e-05,0.0017737752297760198
PTPRS,0.0011035636486774465,0.8829634119423864,0.0,0.0,0.0,0.11592026219537147,1.2762213565081961e-05
KALRN,5.3670386705953405e-05,0.9981593914890684,0.0,0.0,0.0,0.0017580198969253708,2.8918227301741116e-05
SOX11,0.024369282561476514,0.8380850856499805,0.0,0.0,0.0,0.08637233385366921,0.05117329793487348
ANKRD34B,0.0012614959806443065,0.9940900032304175,0.0,0.0,0.0,0.004297458487147628,0.0003510423017902155
TSPAN11,0.0005716034659763121,0.9581954303405488,0.0,0.0,0.0,0.04070950069302834,0.0005234655004478096
SLC12A7,5.3417222693562044e-08,2.1929380895229807e-09,0.0,0.0,0.0,0.9938905531548551,0.006109391234983527
SCNN1G,0.01672583445048887,0.012400202670267538,0.0,0.0,0.0,0.9708327472266798,4.121565256415856e-05
PTK2,1.0899666093376523e-05,0.9999116850434686,0.0,0.0,0.0,2.5378149980308187e-08,7.738991228912087e-05
BCL9,0.00020144611909451822,0.9984891523545194,0.0,0.0,0.0,0.0010893682421677434,0.00022003328421863993
PLXNA2,8.958405529986035e-05,0.995641904051362,0.0,0.0,0.0,0.004214427078858153,5.408481448038976e-05
LEMD1,7.341325477235494e-07,9.698781710942517e-13,0.0,0.0,0.0,0.9999654824117119,3.378345476962333e-05
SIDT1,0.00866031066409483,0.9448568774115127,0.0,0.0,0.0,0.025029230605874947,0.021453581318516282
ETS1,0.0004747270723791304,0.989398396100019,0.0,0.0,0.0,0.009325611880709185,0.0008012649468930066
DACT3,0.0012432614576126982,0.9774492917653115,0.0,0.0,0.0,0.021268091150563904,3.9355626510913676e-05
SCARF2,0.012210777266776086,0.8176348901459057,0.0,0.0,0.0,0.16994830714040718,0.00020602544690939912
SATB1,0.00011645109043599759,0.988873002965651,0.0,0.0,0.0,0.010003643821705776,0.0010069021222079686
HIST3H2A,0.04326697046757492,0.6260179466555121,0.0,0.0,0.0,0.3262046835273011,0.004510399349613547
HTR3A,6.269609580486824e-06,1.7725539764649548e-07,0.0,0.0,0.0,0.9993004435302055,0.0006931096048172652
OTUD7B,0.0002999979061714311,0.9995966951742946,0.0,0.0,0.0,0.00010279291392932053,5.140056054713231e-07
GLRA1,0.0025234716763467137,0.980592789946592,0.0,0.0,0.0,0.014701312206835876,0.0021824261702260168
ALDH1L1,5.8303552371668595e-05,0.9881461856929485,0.0,0.0,0.0,0.011777021877939218,1.8488876739380636e-05
CACNG8,0.01560838147172905,0.0023711744597051257,0.0,0.0,0.0,0.9394473639893809,0.04257308007918547
CRISPLD2,0.00035634052715010175,0.7536690405148162,0.0,0.0,0.0,0.24595030333717477,2.4315620860435647e-05
NFATC1,0.00031777153019047123,0.859050220587052,0.0,0.0,0.0,0.1396442626431118,0.0009877452396452558
GFRA2,0.00036622618635706204,0.057768703466811434,0.0,0.0,0.0,0.9416649347828022,0.00020013556402917
GLI3,0.0008400878213803829,0.998839091470702,0.0,0.0,0.0,0.00028120548146815894,3.9615226450476256e-05
FBRS,0.0006857902944633756,0.9964944355205063,0.0,0.0,0.0,0.0022720078853460265,0.0005477662996851545
CDK18,2.353123901890004e-09,3.325513962478185e-17,0.0,0.0,0.0,0.9999972095928088,2.7880540681684616e-06
ADAMTS8,0.00015297155498341947,0.9536362982101064,0.0,0.0,0.0,0.04620700100122916,3.729233681328085e-06
HS6ST2,1.3106863911940078e-05,2.421210660369127e-13,0.0,0.0,0.0,0.0015295513763466245,0.9984573417594991
MSI1,0.00011604655716434177,0.999282108489371,0.0,0.0,0.0,0.0005814435638482212,2.0401389617593705e-05
TCERG1L,0.00023019746568944243,0.9832178219700003,0.0,0.0,0.0,0.01637967526930296,0.00017230529500847616
HRK,0.00260352749975919,0.952380463704225,0.0,0.0,0.0,0.04483741163089341,0.00017859716512174918
OCA2,0.001582491068697432,0.9912308558008864,0.0,0.0,0.0,0.007142135508482936,4.451762193360178e-05
GPR101,0.07043106140087618,0.001385051607473545,0.0,0.0,0.0,0.04128728186626275,0.8868966051253873
SLC30A4,0.0001625215323231787,0.9969837888078454,0.0,0.0,0.0,0.002753603946141684,0.00010008571368915275
CRYBA2,0.9999986234899888,3.288731402760577e-22,0.0,0.0,0.0,1.376510010001598e-06,2.1072613963764957e-22
ZBTB16,0.04904103666014211,0.016698583380773357,0.0,0.0,0.0,0.9342373923532337,2.2987605851566288e-05
NUAK1,2.3397260044310785e-05,0.9999358741686581,0.0,0.0,0.0,3.987210785035338e-05,8.564634461232244e-07
UMODL1,2.274128847423127e-05,0.9932351981113686,0.0,0.0,0.0,0.006687028113696014,5.5032486460918745e-05
ADRA1B,5.743120919702539e-05,0.9997901233245167,0.0,0.0,0.0,4.911179796787433e-05,0.00010333366831948914
CDH13,0.000604313481525659,0.9169038993964969,0.0,0.0,0.0,0.08237357453381634,0.00011821258816173576
ECE2,1.3461151550404101e-05,0.999266937603518,0.0,0.0,0.0,0.000718841246650749,7.599982809753942e-07
KRT82,2.572191156548022e-05,7.661628587912322e-10,0.0,0.0,0.0,0.9999742407130394,3.660923272943475e-08
CPXM1,0.100626865445547,0.026989399132838772,0.0,0.0,0.0,0.6871242985295559,0.18525943689205965
ATP2B3,8.879887011521112e-32,2.3875424915352768e-116,0.0,0.0,0.0,7.613375538307775e-20,1.0
DPF3,9.475314368054837e-05,0.9988710376582385,0.0,0.0,0.0,0.0009890654477963188,4.514375028631214e-05
TMEM171,0.0006070952334429158,0.9953637317751002,0.0,0.0,0.0,6.28545896491978e-12,0.00402917298517112
MGAT5B,0.0012789560204177596,0.07350666281308053,0.0,0.0,0.0,0.9236236844100115,0.0015906967564890166
GPR26,0.0017735134936050338,0.9014151381758342,0.0,0.0,0.0,0.09422667291201187,0.002584675418550229
IFNLR1,0.0002934380483263158,0.32550801803741874,0.0,0.0,0.0,0.6726091294028201,0.0015894145114355338
ZNRF3,1.2926273450787094e-05,0.9992118610652487,0.0,0.0,0.0,0.0007748331251434253,3.7953615870360857e-07
DYSF,1.702660307923761e-05,0.9975396559725662,0.0,0.0,0.0,0.0024239696620722423,1.934776228374114e-05
CDKN2C,0.003069092006661066,0.9726988339265753,0.0,0.0,0.0,0.012572312235263271,0.011659761831498862
ST14,0.0001949087045348589,0.9646828005555417,0.0,0.0,0.0,0.035102035149025455,2.0255590899814954e-05
COL1A1,0.000400644591234444,0.9714274482979979,0.0,0.0,0.0,0.028057089025001255,0.0001148180857674616
LMNA,9.640160429809246e-06,0.9998424722836495,0.0,0.0,0.0,0.00014771155638946816,1.7599952942826735e-07
HOXB3,2.9144067251166167e-253,0.0,0.0,1.0,0.0,3.95182180146e-285,0.0
HSPA12A,9.897133838972702e-05,0.9996992601750537,0.0,0.0,0.0,4.740337645599545e-08,0.00020172108318033515
PIWIL1,0.00596833157254921,0.8200892985557747,0.0,0.0,0.0,0.17099166103705485,0.002950708834622089
POU4F1,0.9999658429405359,3.408375875256509e-05,0.0,0.0,0.0,7.330069534350423e-08,1.6154698746150523e-14
ANP32B,0.0034908807511277065,0.9845889147592308,0.0,0.0,0.0,0.004527603645883094,0.007392600843759429
B3GAT1,0.02492136984641734,0.008061029123059357,0.0,0.0,0.0,0.966001739176772,0.0010158618537515918
IGFBP5,4.94709455050694e-05,0.9997901326356138,0.0,0.0,0.0,0.00015905486671859392,1.3415521613046788e-06
GLIS1,0.07825593561332067,0.18926999333276567,0.0,0.0,0.0,0.4394203360592005,0.293053734994713
LIN28B,0.06856701145909032,0.007109251740202987,0.0,0.0,0.0,0.0007510684297095557,0.923572668370998
PDIA6,1.0591768046815814e-05,0.9948334958199943,0.0,0.0,0.0,0.005154010195385716,1.902216573934695e-06
CACNA1B,0.0055921019975010006,0.14679029780591882,0.0,0.0,0.0,0.8474680791036326,0.00014952109294702232
FNDC1,0.004807933152782696,0.963319925332942,0.0,0.0,0.0,0.031553629992506195,0.00031851152176930875
HTRA1,0.00019280491840773566,0.9992070310073429,0.0,0.0,0.0,0.0005932852865554321,6.8787876945292064e-06
SP6,0.056756394373785615,0.0036055321216240284,0.0,0.0,0.0,0.939633725409681,4.348094910966121e-06
MTUS2,0.00012644337514984924,0.996244381535605,0.0,0.0,0.0,0.00362429789154743,4.877197698410837e-06
MBNL2,0.001993097071724551,0.9916526645571725,0.0,0.0,0.0,0.0038109241281947368,0.002543314242907551
KIF26B,0.00013696727681360399,0.9891580007107781,0.0,0.0,0.0,0.010558784145708258,0.00014624786669886568
TSHZ2,0.0003256387944097145,0.9626108215402356,0.0,0.0,0.0,0.03703891089094237,2.4628774410927574e-05
SCRT1,0.08929461990675984,0.3612704745680081,0.0,0.0,0.0,0.5489022058646641,0.0005326996605688614
LIMS2,2.6437343474485806e-05,0.9624162905106219,0.0,0.0,0.0,0.0375300291682464,2.7242977658304476e-05
RGS6,6.026753280343035e-05,0.9984597004573155,0.0,0.0,0.0,0.0009476330928093103,0.0005323989170707154
P2RX2,0.017648097925355603,0.0010537389272610449,0.0,0.0,0.0,0.980730350978297,0.0005678121690857625
COLEC12,0.00011211217360055273,0.9968030408693381,0.0,0.0,0.0,0.0028815381942342124,0.0002033087628277506
